# Vectary OBJ Export units=mm
mtllib Yo.mtl
o 000_Path
g Path
usemtl Bella
v 16.367 0.200 -0.185
v 20.894 0.200 -0.185
v 20.868 0.200 1.001
v 16.347 0.200 0.800
v -21.500 0.200 -0.185
v -16.972 0.200 -0.185
v -16.952 0.200 0.800
v -21.473 0.200 1.001
v 20.789 0.200 2.172
v 16.286 0.200 1.769
v -16.892 0.200 1.769
v -21.394 0.200 2.172
v -0.274 0.200 -22.000
v -0.274 0.200 -17.708
v -1.322 0.200 -17.682
v -1.579 0.200 -21.968
v 16.347 0.200 -1.149
v 20.868 0.200 -1.394
v -21.473 0.200 -1.394
v -16.952 0.200 -1.149
v 1.032 0.200 -21.968
v 0.770 0.200 -17.682
v 20.659 0.200 3.326
v 16.187 0.200 2.720
v -16.792 0.200 2.720
v -21.263 0.200 3.326
v 14.405 0.200 8.774
v 18.346 0.200 10.775
v 17.823 0.200 11.729
v 13.999 0.200 9.539
v 10.156 0.200 -14.334
v 12.893 0.200 -17.827
v 13.729 0.200 -17.147
v 10.811 0.200 -13.785
v 20.477 0.200 4.461
v 16.047 0.200 3.651
v -16.653 0.200 3.651
v -21.080 0.200 4.461
v -14.602 0.200 9.539
v -18.411 0.200 11.729
v -18.937 0.200 10.775
v -15.008 0.200 8.774
v 17.253 0.200 12.650
v 13.557 0.200 10.275
v 14.773 0.200 7.981
v 18.822 0.200 9.790
v -14.160 0.200 10.275
v -17.838 0.200 12.650
v -11.406 0.200 -13.785
v -14.299 0.200 -17.147
v -13.461 0.200 -17.827
v -10.749 0.200 -14.334
v 20.245 0.200 5.575
v 15.869 0.200 4.563
v -16.475 0.200 4.563
v -20.846 0.200 5.575
v -19.416 0.200 9.790
v -15.377 0.200 7.981
v 16.638 0.200 13.536
v 13.079 0.200 10.982
v 15.104 0.200 7.163
v 19.251 0.200 8.776
v -13.680 0.200 10.982
v -17.220 0.200 13.536
v -12.579 0.200 -18.461
v -10.058 0.200 -14.846
v 19.963 0.200 6.667
v 15.652 0.200 5.453
v -16.257 0.200 5.453
v -20.563 0.200 6.667
v -19.846 0.200 8.776
v -15.708 0.200 7.163
v 15.397 0.200 6.320
v 19.631 0.200 7.734
v -13.165 0.200 11.658
v -16.556 0.200 14.386
v 15.977 0.200 14.386
v 12.565 0.200 11.658
v -16.002 0.200 6.320
v -20.229 0.200 7.734
v -12.614 0.200 12.302
v -15.848 0.200 15.198
v 15.272 0.200 15.198
v 12.016 0.200 12.302
v -2.340 0.200 -17.605
v -2.849 0.200 -21.874
v 9.467 0.200 -14.846
v 12.014 0.200 -18.461
v -12.027 0.200 12.913
v -15.095 0.200 15.970
v 14.522 0.200 -16.423
v 11.431 0.200 -13.202
v 16.286 0.200 -2.099
v 20.789 0.200 -2.584
v -21.394 0.200 -2.584
v -16.892 0.200 -2.099
v 14.522 0.200 15.970
v 11.431 0.200 12.913
v -1.322 0.200 17.312
v -1.579 0.200 21.596
v -2.849 0.200 21.500
v -2.340 0.200 17.237
v -11.406 0.200 13.489
v -14.299 0.200 16.701
v 2.301 0.200 -21.874
v 1.782 0.200 -17.605
v -11.657 0.200 -19.049
v -9.333 0.200 -15.321
v -12.027 0.200 -13.202
v -15.095 0.200 -16.423
v 1.032 0.200 21.596
v 0.770 0.200 17.312
v 1.782 0.200 17.237
v 2.301 0.200 21.500
v -10.749 0.200 14.031
v -13.461 0.200 17.388
v 13.729 0.200 16.701
v 10.811 0.200 13.489
v -10.058 0.200 14.535
v -12.579 0.200 18.030
v 8.745 0.200 -15.321
v 11.094 0.200 -19.049
v 12.893 0.200 17.388
v 10.156 0.200 14.031
v -10.693 0.200 -19.588
v -8.574 0.200 -15.757
v 15.272 0.200 -15.657
v 12.016 0.200 -12.585
v -3.327 0.200 -17.479
v -4.083 0.200 -21.718
v 12.014 0.200 18.030
v 9.467 0.200 14.535
v -9.333 0.200 15.002
v -11.657 0.200 18.626
v -12.614 0.200 -12.585
v -15.848 0.200 -15.657
v -4.083 0.200 21.340
v -3.327 0.200 17.114
v 3.534 0.200 -21.718
v 2.764 0.200 -17.479
v 7.988 0.200 -15.757
v 10.133 0.200 -19.588
v -9.689 0.200 -20.078
v -7.781 0.200 -16.152
v 16.187 0.200 -3.034
v 20.659 0.200 -3.754
v -21.263 0.200 -3.754
v -16.792 0.200 -3.034
v 11.094 0.200 18.626
v 8.745 0.200 15.002
v 2.764 0.200 17.114
v 3.534 0.200 21.340
v -8.574 0.200 15.430
v -10.693 0.200 19.173
v -4.282 0.200 -17.305
v -5.280 0.200 -21.503
v 15.977 0.200 -14.851
v 12.565 0.200 -11.935
v -8.645 0.200 -20.515
v -6.956 0.200 -16.506
v 7.199 0.200 -16.152
v 9.131 0.200 -20.078
v -5.206 0.200 -17.083
v -6.440 0.200 -21.229
v -13.165 0.200 -11.935
v -16.556 0.200 -14.851
v -7.561 0.200 -20.900
v -6.097 0.200 -16.817
v -5.280 0.200 21.121
v -4.282 0.200 16.944
v 10.133 0.200 19.173
v 7.988 0.200 15.430
v -7.781 0.200 15.818
v -9.689 0.200 19.670
v 4.730 0.200 -21.503
v 3.715 0.200 -17.305
v 6.376 0.200 -16.506
v 8.089 0.200 -20.515
v 3.715 0.200 16.944
v 4.730 0.200 21.121
v 16.047 0.200 -3.952
v 20.477 0.200 -4.902
v -6.956 0.200 16.164
v -8.645 0.200 20.115
v -21.080 0.200 -4.902
v -16.653 0.200 -3.952
v -6.440 0.200 20.842
v -5.206 0.200 16.729
v 16.638 0.200 -14.005
v 13.079 0.200 -11.255
v 9.131 0.200 19.670
v 7.199 0.200 15.818
v 5.888 0.200 -21.229
v 4.634 0.200 -17.083
v 5.521 0.200 -16.817
v 7.008 0.200 -20.900
v -6.097 0.200 16.468
v -7.561 0.200 20.506
v -13.680 0.200 -11.255
v -17.220 0.200 -14.005
v 8.089 0.200 20.115
v 6.376 0.200 16.164
v 4.634 0.200 16.729
v 5.888 0.200 20.842
v 7.008 0.200 20.506
v 5.521 0.200 16.468
v 17.253 0.200 -13.122
v 13.557 0.200 -10.545
v 15.869 0.200 -4.852
v 20.245 0.200 -6.028
v -20.846 0.200 -6.028
v -16.475 0.200 -4.852
v -14.160 0.200 -10.545
v -17.838 0.200 -13.122
v 17.823 0.200 -12.204
v 13.999 0.200 -9.806
v 15.652 0.200 -5.733
v 19.963 0.200 -7.128
v -14.602 0.200 -9.806
v -18.411 0.200 -12.204
v -20.563 0.200 -7.128
v -16.257 0.200 -5.733
v 18.346 0.200 -11.251
v 14.405 0.200 -9.040
v 15.397 0.200 -6.594
v 19.631 0.200 -8.202
v -15.008 0.200 -9.040
v -18.937 0.200 -11.251
v -20.229 0.200 -8.202
v -16.002 0.200 -6.594
v 18.822 0.200 -10.265
v 14.773 0.200 -8.249
v 15.104 0.200 -7.433
v 19.251 0.200 -9.248
v -15.377 0.200 -8.249
v -19.416 0.200 -10.265
v -19.846 0.200 -9.248
v -15.708 0.200 -7.433
v 0.439 0.200 6.877
v 0.893 0.200 12.241
v 0.277 0.200 6.900
v 0.759 0.200 6.809
v 0.918 0.200 6.764
v 1.767 0.200 12.163
v 4.648 0.200 11.456
v 1.968 0.200 6.225
v 5.032 0.200 11.287
v 6.483 0.200 10.409
v 2.507 0.200 5.723
v 6.823 0.200 10.133
v 2.988 0.200 5.064
v 8.366 0.200 8.378
v 8.079 0.200 8.783
v 9.611 0.200 5.908
v 3.487 0.200 4.000
v 3.572 0.200 3.753
v -0.475 0.200 6.922
v -1.094 0.200 12.264
v -0.728 0.200 6.899
v -6.974 0.200 10.114
v -2.807 0.200 5.800
v -6.537 0.200 10.456
v -8.512 0.200 8.468
v -3.265 0.200 5.143
v -8.160 0.200 8.921
v -4.326 0.200 -0.131
v -4.311 0.200 0.373
v -10.962 0.200 0.161
v -4.284 0.200 -2.012
v -4.310 0.200 -1.576
v -10.918 0.200 -2.196
v -9.035 0.200 -8.432
v -3.602 0.200 -5.218
v -9.336 0.200 -7.921
v -0.859 0.200 -7.700
v -1.098 0.200 -7.645
v -1.916 0.200 -12.872
v 0.078 0.200 -7.768
v -0.097 0.200 -7.771
v 0.021 0.200 -13.004
v 2.568 0.200 -12.805
v 1.370 0.200 -7.510
v 1.220 0.200 -7.567
v 5.134 0.200 -12.029
v 5.510 0.200 -11.841
v 2.196 0.200 -7.006
v 6.547 0.200 -11.174
v 6.863 0.200 -10.916
v 2.557 0.200 -6.640
v 7.722 0.200 -10.039
v 2.777 0.200 -6.351
v 7.450 0.200 -10.349
v 8.219 0.200 -9.365
v 2.881 0.200 -6.192
v 7.978 0.200 -9.711
v 3.546 0.200 -4.555
v 3.480 0.200 -4.796
v 9.493 0.200 -6.427
v 9.722 0.200 -5.419
v 3.607 0.200 -4.302
v 9.615 0.200 -5.932
v -2.898 0.200 -6.441
v -7.182 0.200 -10.591
v -6.746 0.200 -10.943
v 9.036 0.200 -7.798
v 3.251 0.200 -5.457
v 3.166 0.200 -5.656
v 8.854 0.200 -8.217
v 9.203 0.200 -7.359
v 3.332 0.200 -5.247
v -10.961 0.200 -1.438
v -4.325 0.200 -1.124
v -4.331 0.200 -0.656
v -10.975 0.200 -0.656
v 9.355 0.200 -6.903
v 3.408 0.200 -5.027
v -0.358 0.200 -7.763
v -0.642 0.200 -12.989
v 3.075 0.200 -5.844
v 8.658 0.200 -8.618
v -0.050 0.200 6.926
v 0.001 0.200 12.276
v -0.450 0.200 12.280
v -0.215 0.200 6.929
v 2.980 0.200 -6.023
v 8.446 0.200 -9.001
v 0.114 0.200 6.916
v 0.449 0.200 12.263
v -10.848 0.200 -2.931
v -4.247 0.200 -2.433
v -0.612 0.200 -7.739
v -1.287 0.200 -12.945
v -4.287 0.200 0.857
v -10.922 0.200 0.953
v 9.388 0.200 6.465
v 3.397 0.200 4.235
v 9.152 0.200 6.989
v 3.302 0.200 4.459
v -4.253 0.200 1.320
v -10.857 0.200 1.721
v 2.670 0.200 -6.500
v 7.164 0.200 -10.642
v -10.751 0.200 -3.641
v -4.201 0.200 -2.837
v 0.560 0.200 -12.996
v 0.250 0.200 -7.759
v 8.902 0.200 7.482
v 3.202 0.200 4.671
v 6.134 0.200 10.661
v 2.378 0.200 5.862
v -4.209 0.200 1.764
v -10.765 0.200 2.464
v 2.441 0.200 -6.771
v 6.216 0.200 -11.413
v 7.473 0.200 9.510
v 7.153 0.200 9.834
v 2.634 0.200 5.573
v 2.756 0.200 5.413
v 5.775 0.200 10.891
v 2.244 0.200 5.993
v 7.782 0.200 9.160
v 2.874 0.200 5.244
v 8.640 0.200 7.945
v 3.097 0.200 4.873
v 4.257 0.200 11.606
v 1.825 0.200 6.327
v -4.023 0.200 2.977
v -3.942 0.200 3.342
v -10.150 0.200 5.180
v -10.341 0.200 4.539
v -3.752 0.200 4.016
v -3.644 0.200 4.326
v -9.435 0.200 6.944
v -9.697 0.200 6.383
v -10.626 0.200 -4.327
v -4.144 0.200 -3.225
v -4.094 0.200 2.592
v -10.507 0.200 3.873
v -3.852 0.200 3.689
v -9.935 0.200 5.794
v -4.157 0.200 2.188
v -10.649 0.200 3.181
v -3.206 0.200 -5.999
v -3.347 0.200 -5.755
v -8.362 0.200 -9.374
v -7.991 0.200 -9.807
v 5.408 0.200 11.099
v 2.108 0.200 6.113
v 2.320 0.200 -6.893
v 5.871 0.200 -11.636
v 3.858 0.200 11.738
v 1.680 0.200 6.421
v -3.526 0.200 4.616
v -9.150 0.200 7.479
v -7.391 0.200 9.744
v -7.786 0.200 9.347
v -3.121 0.200 5.380
v -2.968 0.200 5.599
v 3.651 0.200 3.495
v 9.821 0.200 5.318
v 2.621 0.200 12.036
v 2.197 0.200 12.106
v 1.074 0.200 6.712
v 1.229 0.200 6.651
v 3.452 0.200 11.853
v 1.532 0.200 6.506
v -3.916 0.200 -4.293
v -4.002 0.200 -3.953
v -10.298 0.200 -5.625
v -10.095 0.200 -6.237
v 2.068 0.200 -7.111
v 4.744 0.200 -12.200
v 3.039 0.200 11.952
v 1.382 0.200 6.583
v -3.821 0.200 -4.617
v -9.867 0.200 -6.824
v -3.479 0.200 -5.494
v -8.710 0.200 -8.916
v -4.078 0.200 -3.597
v -10.475 0.200 -4.988
v -3.400 0.200 4.889
v -8.842 0.200 7.987
v 1.332 0.200 12.208
v 0.600 0.200 6.847
v -3.056 0.200 -6.228
v -7.598 0.200 -10.212
v -3.716 0.200 -4.925
v -9.614 0.200 -7.385
v 3.725 0.200 3.225
v 10.016 0.200 4.695
v 1.935 0.200 -7.207
v 4.339 0.200 -12.354
v -5.602 0.200 11.053
v -6.079 0.200 10.769
v -2.636 0.200 5.985
v -2.458 0.200 6.152
v -2.555 0.200 -6.819
v -2.730 0.200 -6.638
v -6.288 0.200 -11.269
v -5.809 0.200 -11.566
v -2.371 0.200 -6.984
v -5.311 0.200 -11.837
v 1.800 0.200 -7.295
v 3.918 0.200 -12.492
v -2.271 0.200 6.302
v -5.104 0.200 11.308
v 1.084 0.200 -12.972
v 0.419 0.200 -7.743
v 1.517 0.200 -7.446
v 3.033 0.200 -12.717
v 1.660 0.200 -7.374
v 3.483 0.200 -12.613
v -2.178 0.200 -7.134
v -4.792 0.200 -12.080
v -2.075 0.200 6.436
v -4.587 0.200 11.534
v 1.066 0.200 -7.616
v 0.909 0.200 -7.658
v 1.594 0.200 -12.933
v 2.089 0.200 -12.877
v -1.978 0.200 -7.268
v -4.254 0.200 -12.295
v -1.329 0.200 -7.574
v -1.553 0.200 -7.488
v -3.121 0.200 -12.640
v -2.528 0.200 -12.771
v -1.770 0.200 -7.386
v -3.697 0.200 -12.482
v -1.871 0.200 6.553
v -4.051 0.200 11.730
v 0.749 0.200 -7.693
v -0.973 0.200 6.861
v -1.721 0.200 12.218
v -1.659 0.200 6.654
v -3.496 0.200 11.897
v -1.210 0.200 6.808
v -2.331 0.200 12.142
v -1.438 0.200 6.739
v -2.922 0.200 12.035
v 0.586 0.200 -7.722
v -0.274 0.200 17.337
v -0.274 0.200 21.629
v 20.894 9.200 -0.185
v 16.367 9.200 -0.185
v 16.347 9.200 0.800
v 20.868 9.200 1.001
v -16.972 9.200 -0.185
v -21.500 9.200 -0.185
v -21.473 9.200 1.001
v -16.952 9.200 0.800
v 16.286 9.200 1.769
v 20.789 9.200 2.172
v -21.394 9.200 2.172
v -16.892 9.200 1.769
v -0.274 9.200 -17.708
v -0.274 9.200 -22.000
v -1.579 9.200 -21.968
v -1.322 9.200 -17.682
v 20.868 9.200 -1.394
v 16.347 9.200 -1.149
v -16.952 9.200 -1.149
v -21.473 9.200 -1.394
v 0.770 9.200 -17.682
v 1.032 9.200 -21.968
v 16.187 9.200 2.720
v 20.659 9.200 3.326
v -21.263 9.200 3.326
v -16.792 9.200 2.720
v 18.346 9.200 10.775
v 14.405 9.200 8.774
v 13.999 9.200 9.539
v 17.823 9.200 11.729
v 12.893 9.200 -17.827
v 10.156 9.200 -14.334
v 10.811 9.200 -13.785
v 13.729 9.200 -17.147
v 16.047 9.200 3.651
v 20.477 9.200 4.461
v -21.080 9.200 4.461
v -16.653 9.200 3.651
v -18.411 9.200 11.729
v -14.602 9.200 9.539
v -15.008 9.200 8.774
v -18.937 9.200 10.775
v 13.557 9.200 10.275
v 17.253 9.200 12.650
v 18.822 9.200 9.790
v 14.773 9.200 7.981
v -17.838 9.200 12.650
v -14.160 9.200 10.275
v -14.299 9.200 -17.147
v -11.406 9.200 -13.785
v -10.749 9.200 -14.334
v -13.461 9.200 -17.827
v 15.869 9.200 4.563
v 20.245 9.200 5.575
v -20.846 9.200 5.575
v -16.475 9.200 4.563
v -15.377 9.200 7.981
v -19.416 9.200 9.790
v 13.079 9.200 10.982
v 16.638 9.200 13.536
v 19.251 9.200 8.776
v 15.104 9.200 7.163
v -17.220 9.200 13.536
v -13.680 9.200 10.982
v -10.058 9.200 -14.846
v -12.579 9.200 -18.461
v 15.652 9.200 5.453
v 19.963 9.200 6.667
v -20.563 9.200 6.667
v -16.257 9.200 5.453
v -15.708 9.200 7.163
v -19.846 9.200 8.776
v 19.631 9.200 7.734
v 15.397 9.200 6.320
v -16.556 9.200 14.386
v -13.165 9.200 11.658
v 12.565 9.200 11.658
v 15.977 9.200 14.386
v -20.229 9.200 7.734
v -16.002 9.200 6.320
v -15.848 9.200 15.198
v -12.614 9.200 12.302
v 12.016 9.200 12.302
v 15.272 9.200 15.198
v -2.849 9.200 -21.874
v -2.340 9.200 -17.605
v 12.014 9.200 -18.461
v 9.467 9.200 -14.846
v -15.095 9.200 15.970
v -12.027 9.200 12.913
v 11.431 9.200 -13.202
v 14.522 9.200 -16.423
v 20.789 9.200 -2.584
v 16.286 9.200 -2.099
v -16.892 9.200 -2.099
v -21.394 9.200 -2.584
v 11.431 9.200 12.913
v 14.522 9.200 15.970
v -1.579 9.200 21.596
v -1.322 9.200 17.312
v -2.340 9.200 17.237
v -2.849 9.200 21.500
v -14.299 9.200 16.701
v -11.406 9.200 13.489
v 1.782 9.200 -17.605
v 2.301 9.200 -21.874
v -9.333 9.200 -15.321
v -11.657 9.200 -19.049
v -15.095 9.200 -16.423
v -12.027 9.200 -13.202
v 0.770 9.200 17.312
v 1.032 9.200 21.596
v 2.301 9.200 21.500
v 1.782 9.200 17.237
v -13.461 9.200 17.388
v -10.749 9.200 14.031
v 10.811 9.200 13.489
v 13.729 9.200 16.701
v -12.579 9.200 18.030
v -10.058 9.200 14.535
v 11.094 9.200 -19.049
v 8.745 9.200 -15.321
v 10.156 9.200 14.031
v 12.893 9.200 17.388
v -8.574 9.200 -15.757
v -10.693 9.200 -19.588
v 12.016 9.200 -12.585
v 15.272 9.200 -15.657
v -4.083 9.200 -21.718
v -3.327 9.200 -17.479
v 9.467 9.200 14.535
v 12.014 9.200 18.030
v -11.657 9.200 18.626
v -9.333 9.200 15.002
v -15.848 9.200 -15.657
v -12.614 9.200 -12.585
v -3.327 9.200 17.114
v -4.083 9.200 21.340
v 2.764 9.200 -17.479
v 3.534 9.200 -21.718
v 10.133 9.200 -19.588
v 7.988 9.200 -15.757
v -7.781 9.200 -16.152
v -9.689 9.200 -20.078
v 20.659 9.200 -3.754
v 16.187 9.200 -3.034
v -16.792 9.200 -3.034
v -21.263 9.200 -3.754
v 8.745 9.200 15.002
v 11.094 9.200 18.626
v 3.534 9.200 21.340
v 2.764 9.200 17.114
v -10.693 9.200 19.173
v -8.574 9.200 15.430
v -5.280 9.200 -21.503
v -4.282 9.200 -17.305
v 12.565 9.200 -11.935
v 15.977 9.200 -14.851
v -6.956 9.200 -16.506
v -8.645 9.200 -20.515
v 9.131 9.200 -20.078
v 7.199 9.200 -16.152
v -6.440 9.200 -21.229
v -5.206 9.200 -17.083
v -16.556 9.200 -14.851
v -13.165 9.200 -11.935
v -6.097 9.200 -16.817
v -7.561 9.200 -20.900
v -4.282 9.200 16.944
v -5.280 9.200 21.121
v 7.988 9.200 15.430
v 10.133 9.200 19.173
v -9.689 9.200 19.670
v -7.781 9.200 15.818
v 3.715 9.200 -17.305
v 4.730 9.200 -21.503
v 8.089 9.200 -20.515
v 6.376 9.200 -16.506
v 4.730 9.200 21.121
v 3.715 9.200 16.944
v 20.477 9.200 -4.902
v 16.047 9.200 -3.952
v -8.645 9.200 20.115
v -6.956 9.200 16.164
v -16.653 9.200 -3.952
v -21.080 9.200 -4.902
v -5.206 9.200 16.729
v -6.440 9.200 20.842
v 13.079 9.200 -11.255
v 16.638 9.200 -14.005
v 7.199 9.200 15.818
v 9.131 9.200 19.670
v 4.634 9.200 -17.083
v 5.888 9.200 -21.229
v 7.008 9.200 -20.900
v 5.521 9.200 -16.817
v -7.561 9.200 20.506
v -6.097 9.200 16.468
v -17.220 9.200 -14.005
v -13.680 9.200 -11.255
v 6.376 9.200 16.164
v 8.089 9.200 20.115
v 5.888 9.200 20.842
v 4.634 9.200 16.729
v 5.521 9.200 16.468
v 7.008 9.200 20.506
v 13.557 9.200 -10.545
v 17.253 9.200 -13.122
v 20.245 9.200 -6.028
v 15.869 9.200 -4.852
v -16.475 9.200 -4.852
v -20.846 9.200 -6.028
v -17.838 9.200 -13.122
v -14.160 9.200 -10.545
v 13.999 9.200 -9.806
v 17.823 9.200 -12.204
v 19.963 9.200 -7.128
v 15.652 9.200 -5.733
v -18.411 9.200 -12.204
v -14.602 9.200 -9.806
v -16.257 9.200 -5.733
v -20.563 9.200 -7.128
v 14.405 9.200 -9.040
v 18.346 9.200 -11.251
v 19.631 9.200 -8.202
v 15.397 9.200 -6.594
v -18.937 9.200 -11.251
v -15.008 9.200 -9.040
v -16.002 9.200 -6.594
v -20.229 9.200 -8.202
v 14.773 9.200 -8.249
v 18.822 9.200 -10.265
v 19.251 9.200 -9.248
v 15.104 9.200 -7.433
v -19.416 9.200 -10.265
v -15.377 9.200 -8.249
v -15.708 9.200 -7.433
v -19.846 9.200 -9.248
v 0.277 9.200 6.900
v 0.893 9.200 12.241
v 0.439 9.200 6.877
v 1.767 9.200 12.163
v 0.918 9.200 6.764
v 0.759 9.200 6.809
v 5.032 9.200 11.287
v 1.968 9.200 6.225
v 4.648 9.200 11.456
v 6.823 9.200 10.133
v 2.507 9.200 5.723
v 6.483 9.200 10.409
v 8.079 9.200 8.783
v 8.366 9.200 8.378
v 2.988 9.200 5.064
v 3.572 9.200 3.753
v 3.487 9.200 4.000
v 9.611 9.200 5.908
v -0.728 9.200 6.899
v -1.094 9.200 12.264
v -0.475 9.200 6.922
v -6.537 9.200 10.456
v -2.807 9.200 5.800
v -6.974 9.200 10.114
v -8.160 9.200 8.921
v -3.265 9.200 5.143
v -8.512 9.200 8.468
v -10.962 9.200 0.161
v -4.311 9.200 0.373
v -4.326 9.200 -0.131
v -10.918 9.200 -2.196
v -4.310 9.200 -1.576
v -4.284 9.200 -2.012
v -9.336 9.200 -7.921
v -3.602 9.200 -5.218
v -9.035 9.200 -8.432
v -1.916 9.200 -12.872
v -1.098 9.200 -7.645
v -0.859 9.200 -7.700
v 0.021 9.200 -13.004
v -0.097 9.200 -7.771
v 0.078 9.200 -7.768
v 1.220 9.200 -7.567
v 1.370 9.200 -7.510
v 2.568 9.200 -12.805
v 2.196 9.200 -7.006
v 5.510 9.200 -11.841
v 5.134 9.200 -12.029
v 2.557 9.200 -6.640
v 6.863 9.200 -10.916
v 6.547 9.200 -11.174
v 7.450 9.200 -10.349
v 2.777 9.200 -6.351
v 7.722 9.200 -10.039
v 7.978 9.200 -9.711
v 2.881 9.200 -6.192
v 8.219 9.200 -9.365
v 9.493 9.200 -6.427
v 3.480 9.200 -4.796
v 3.546 9.200 -4.555
v 9.615 9.200 -5.932
v 3.607 9.200 -4.302
v 9.722 9.200 -5.419
v -6.746 9.200 -10.943
v -7.182 9.200 -10.591
v -2.898 9.200 -6.441
v 3.251 9.200 -5.457
v 9.036 9.200 -7.798
v 8.854 9.200 -8.217
v 3.166 9.200 -5.656
v 3.332 9.200 -5.247
v 9.203 9.200 -7.359
v -4.325 9.200 -1.124
v -10.961 9.200 -1.438
v -10.975 9.200 -0.656
v -4.331 9.200 -0.656
v 3.408 9.200 -5.027
v 9.355 9.200 -6.903
v -0.642 9.200 -12.989
v -0.358 9.200 -7.763
v 8.658 9.200 -8.618
v 3.075 9.200 -5.844
v 0.001 9.200 12.276
v -0.050 9.200 6.926
v -0.215 9.200 6.929
v -0.450 9.200 12.280
v 8.446 9.200 -9.001
v 2.980 9.200 -6.023
v 0.449 9.200 12.263
v 0.114 9.200 6.916
v -4.247 9.200 -2.433
v -10.848 9.200 -2.931
v -1.287 9.200 -12.945
v -0.612 9.200 -7.739
v -10.922 9.200 0.953
v -4.287 9.200 0.857
v 3.397 9.200 4.235
v 9.388 9.200 6.465
v 3.302 9.200 4.459
v 9.152 9.200 6.989
v -10.857 9.200 1.721
v -4.253 9.200 1.320
v 2.670 9.200 -6.500
v 7.164 9.200 -10.642
v -4.201 9.200 -2.837
v -10.751 9.200 -3.641
v 0.250 9.200 -7.759
v 0.560 9.200 -12.996
v 3.202 9.200 4.671
v 8.902 9.200 7.482
v 6.134 9.200 10.661
v 2.378 9.200 5.862
v -10.765 9.200 2.464
v -4.209 9.200 1.764
v 2.441 9.200 -6.771
v 6.216 9.200 -11.413
v 7.153 9.200 9.834
v 7.473 9.200 9.510
v 2.756 9.200 5.413
v 2.634 9.200 5.573
v 5.775 9.200 10.891
v 2.244 9.200 5.993
v 7.782 9.200 9.160
v 2.874 9.200 5.244
v 3.097 9.200 4.873
v 8.640 9.200 7.945
v 4.257 9.200 11.606
v 1.825 9.200 6.327
v -3.942 9.200 3.342
v -4.023 9.200 2.977
v -10.341 9.200 4.539
v -10.150 9.200 5.180
v -3.644 9.200 4.326
v -3.752 9.200 4.016
v -9.697 9.200 6.383
v -9.435 9.200 6.944
v -4.144 9.200 -3.225
v -10.626 9.200 -4.327
v -4.094 9.200 2.592
v -10.507 9.200 3.873
v -3.852 9.200 3.689
v -9.935 9.200 5.794
v -10.649 9.200 3.181
v -4.157 9.200 2.188
v -3.347 9.200 -5.755
v -3.206 9.200 -5.999
v -7.991 9.200 -9.807
v -8.362 9.200 -9.374
v 5.408 9.200 11.099
v 2.108 9.200 6.113
v 2.320 9.200 -6.893
v 5.871 9.200 -11.636
v 3.858 9.200 11.738
v 1.680 9.200 6.421
v -3.526 9.200 4.616
v -9.150 9.200 7.479
v -7.786 9.200 9.347
v -7.391 9.200 9.744
v -2.968 9.200 5.599
v -3.121 9.200 5.380
v 9.821 9.200 5.318
v 3.651 9.200 3.495
v 2.197 9.200 12.106
v 2.621 9.200 12.036
v 1.229 9.200 6.651
v 1.074 9.200 6.712
v 3.452 9.200 11.853
v 1.532 9.200 6.506
v -4.002 9.200 -3.953
v -3.916 9.200 -4.293
v -10.095 9.200 -6.237
v -10.298 9.200 -5.625
v 2.068 9.200 -7.111
v 4.744 9.200 -12.200
v 3.039 9.200 11.952
v 1.382 9.200 6.583
v -3.821 9.200 -4.617
v -9.867 9.200 -6.824
v -3.479 9.200 -5.494
v -8.710 9.200 -8.916
v -4.078 9.200 -3.597
v -10.475 9.200 -4.988
v -3.400 9.200 4.889
v -8.842 9.200 7.987
v 1.332 9.200 12.208
v 0.600 9.200 6.847
v -3.056 9.200 -6.228
v -7.598 9.200 -10.212
v -3.716 9.200 -4.925
v -9.614 9.200 -7.385
v 10.016 9.200 4.695
v 3.725 9.200 3.225
v 1.935 9.200 -7.207
v 4.339 9.200 -12.354
v -6.079 9.200 10.769
v -5.602 9.200 11.053
v -2.458 9.200 6.152
v -2.636 9.200 5.985
v -2.730 9.200 -6.638
v -2.555 9.200 -6.819
v -5.809 9.200 -11.566
v -6.288 9.200 -11.269
v -2.371 9.200 -6.984
v -5.311 9.200 -11.837
v 1.800 9.200 -7.295
v 3.918 9.200 -12.492
v -2.271 9.200 6.302
v -5.104 9.200 11.308
v 0.419 9.200 -7.743
v 1.084 9.200 -12.972
v 1.517 9.200 -7.446
v 3.033 9.200 -12.717
v 1.660 9.200 -7.374
v 3.483 9.200 -12.613
v -2.178 9.200 -7.134
v -4.792 9.200 -12.080
v -2.075 9.200 6.436
v -4.587 9.200 11.534
v 0.909 9.200 -7.658
v 1.066 9.200 -7.616
v 2.089 9.200 -12.877
v 1.594 9.200 -12.933
v -1.978 9.200 -7.268
v -4.254 9.200 -12.295
v -1.553 9.200 -7.488
v -1.329 9.200 -7.574
v -2.528 9.200 -12.771
v -3.121 9.200 -12.640
v -1.770 9.200 -7.386
v -3.697 9.200 -12.482
v -1.871 9.200 6.553
v -4.051 9.200 11.730
v 0.749 9.200 -7.693
v -0.973 9.200 6.861
v -1.721 9.200 12.218
v -1.659 9.200 6.654
v -3.496 9.200 11.897
v -1.210 9.200 6.808
v -2.331 9.200 12.142
v -1.438 9.200 6.739
v -2.922 9.200 12.035
v 0.586 9.200 -7.722
v -0.274 9.200 21.629
v -0.274 9.200 17.337
vt 0.00000 0.00000
vt 0.00000 0.00000
vt -0.00891 0.00000
vt -0.00941 0.00000
vt 0.50000 0.00000
vt 0.50000 0.00000
vt 0.50941 0.00000
vt 0.50891 0.00000
vt 0.99059 0.00000
vt 0.99109 0.00000
vt 0.98228 0.00000
vt 0.98133 0.00000
vt 0.50891 0.00000
vt 0.50941 0.00000
vt 0.51867 0.00000
vt 0.51772 0.00000
vt 0.24979 0.00000
vt 0.24973 0.00000
vt 0.25926 0.00000
vt 0.25931 0.00000
vt 0.00000 0.00000
vt 0.00000 0.00000
vt 0.00920 0.00000
vt 0.00907 0.00000
vt 0.50000 0.00000
vt 0.50000 0.00000
vt 0.49092 0.00000
vt 0.49080 0.00000
vt 0.24973 0.00000
vt 0.24979 0.00000
vt 0.24026 0.00000
vt 0.24026 0.00000
vt 0.98133 0.00000
vt 0.98228 0.00000
vt 0.97359 0.00000
vt 0.97224 0.00000
vt 0.51772 0.00000
vt 0.51867 0.00000
vt 0.52776 0.00000
vt 0.52642 0.00000
vt 0.91292 0.00000
vt 0.91543 0.00000
vt 0.90745 0.00000
vt 0.90497 0.00000
vt 0.14869 0.00000
vt 0.14779 0.00000
vt 0.14000 0.00000
vt 0.14096 0.00000
vt 0.97224 0.00000
vt 0.97359 0.00000
vt 0.96499 0.00000
vt 0.96331 0.00000
vt 0.52642 0.00000
vt 0.52776 0.00000
vt 0.53669 0.00000
vt 0.53501 0.00000
vt 0.59505 0.00000
vt 0.59262 0.00000
vt 0.58462 0.00000
vt 0.58709 0.00000
vt 0.89953 0.00000
vt 0.89710 0.00000
vt 0.90497 0.00000
vt 0.90745 0.00000
vt 0.92098 0.00000
vt 0.92348 0.00000
vt 0.91543 0.00000
vt 0.91292 0.00000
vt 0.60292 0.00000
vt 0.60056 0.00000
vt 0.59262 0.00000
vt 0.59505 0.00000
vt 0.35897 0.00000
vt 0.35980 0.00000
vt 0.35199 0.00000
vt 0.35122 0.00000
vt 0.96331 0.00000
vt 0.96499 0.00000
vt 0.95650 0.00000
vt 0.95455 0.00000
vt 0.53501 0.00000
vt 0.53669 0.00000
vt 0.54545 0.00000
vt 0.54351 0.00000
vt 0.57656 0.00000
vt 0.57902 0.00000
vt 0.58709 0.00000
vt 0.58462 0.00000
vt 0.89165 0.00000
vt 0.88932 0.00000
vt 0.89710 0.00000
vt 0.89953 0.00000
vt 0.92917 0.00000
vt 0.93160 0.00000
vt 0.92348 0.00000
vt 0.92098 0.00000
vt 0.61071 0.00000
vt 0.60846 0.00000
vt 0.60056 0.00000
vt 0.60292 0.00000
vt 0.34414 0.00000
vt 0.34344 0.00000
vt 0.35122 0.00000
vt 0.35199 0.00000
vt 0.95455 0.00000
vt 0.95650 0.00000
vt 0.94811 0.00000
vt 0.94594 0.00000
vt 0.54351 0.00000
vt 0.54545 0.00000
vt 0.55406 0.00000
vt 0.55191 0.00000
vt 0.56843 0.00000
vt 0.57084 0.00000
vt 0.57902 0.00000
vt 0.57656 0.00000
vt 0.93748 0.00000
vt 0.93981 0.00000
vt 0.93160 0.00000
vt 0.92917 0.00000
vt 0.94594 0.00000
vt 0.94811 0.00000
vt 0.93981 0.00000
vt 0.93748 0.00000
vt 0.61844 0.00000
vt 0.61632 0.00000
vt 0.60846 0.00000
vt 0.61071 0.00000
vt 0.88380 0.00000
vt 0.88160 0.00000
vt 0.88932 0.00000
vt 0.89165 0.00000
vt 0.55191 0.00000
vt 0.55406 0.00000
vt 0.56252 0.00000
vt 0.56021 0.00000
vt 0.56021 0.00000
vt 0.56252 0.00000
vt 0.57084 0.00000
vt 0.56843 0.00000
vt 0.62613 0.00000
vt 0.62417 0.00000
vt 0.61632 0.00000
vt 0.61844 0.00000
vt 0.87598 0.00000
vt 0.87392 0.00000
vt 0.88160 0.00000
vt 0.88380 0.00000
vt 0.25931 0.00000
vt 0.25926 0.00000
vt 0.26853 0.00000
vt 0.26860 0.00000
vt 0.15644 0.00000
vt 0.15561 0.00000
vt 0.14779 0.00000
vt 0.14869 0.00000
vt 0.63380 0.00000
vt 0.63200 0.00000
vt 0.62417 0.00000
vt 0.62613 0.00000
vt 0.13223 0.00000
vt 0.13324 0.00000
vt 0.14096 0.00000
vt 0.14000 0.00000
vt 0.00907 0.00000
vt 0.00920 0.00000
vt 0.01828 0.00000
vt 0.01802 0.00000
vt 0.49080 0.00000
vt 0.49092 0.00000
vt 0.48198 0.00000
vt 0.48172 0.00000
vt 0.86817 0.00000
vt 0.86626 0.00000
vt 0.87392 0.00000
vt 0.87598 0.00000
vt 0.74074 0.00000
vt 0.74069 0.00000
vt 0.73140 0.00000
vt 0.73147 0.00000
vt 0.64146 0.00000
vt 0.63985 0.00000
vt 0.63200 0.00000
vt 0.63380 0.00000
vt 0.24026 0.00000
vt 0.24026 0.00000
vt 0.23098 0.00000
vt 0.23104 0.00000
vt 0.33623 0.00000
vt 0.33561 0.00000
vt 0.34344 0.00000
vt 0.34414 0.00000
vt 0.36670 0.00000
vt 0.36759 0.00000
vt 0.35980 0.00000
vt 0.35897 0.00000
vt 0.75974 0.00000
vt 0.75974 0.00000
vt 0.76896 0.00000
vt 0.76902 0.00000
vt 0.64914 0.00000
vt 0.64771 0.00000
vt 0.63985 0.00000
vt 0.64146 0.00000
vt 0.86035 0.00000
vt 0.85861 0.00000
vt 0.86626 0.00000
vt 0.86817 0.00000
vt 0.65686 0.00000
vt 0.65562 0.00000
vt 0.64771 0.00000
vt 0.64914 0.00000
vt 0.16425 0.00000
vt 0.16350 0.00000
vt 0.15561 0.00000
vt 0.15644 0.00000
vt 0.85251 0.00000
vt 0.85095 0.00000
vt 0.85861 0.00000
vt 0.86035 0.00000
vt 0.32824 0.00000
vt 0.32771 0.00000
vt 0.33561 0.00000
vt 0.33623 0.00000
vt 0.12447 0.00000
vt 0.12552 0.00000
vt 0.13324 0.00000
vt 0.13223 0.00000
vt 0.26860 0.00000
vt 0.26853 0.00000
vt 0.27755 0.00000
vt 0.27766 0.00000
vt 0.84463 0.00000
vt 0.84326 0.00000
vt 0.85095 0.00000
vt 0.85251 0.00000
vt 0.66463 0.00000
vt 0.66357 0.00000
vt 0.65562 0.00000
vt 0.65686 0.00000
vt 0.37443 0.00000
vt 0.37538 0.00000
vt 0.36759 0.00000
vt 0.36670 0.00000
vt 0.73147 0.00000
vt 0.73140 0.00000
vt 0.72234 0.00000
vt 0.72245 0.00000
vt 0.23104 0.00000
vt 0.23098 0.00000
vt 0.22193 0.00000
vt 0.22206 0.00000
vt 0.17213 0.00000
vt 0.17146 0.00000
vt 0.16350 0.00000
vt 0.16425 0.00000
vt 0.32016 0.00000
vt 0.31972 0.00000
vt 0.32771 0.00000
vt 0.32824 0.00000
vt 0.01802 0.00000
vt 0.01828 0.00000
vt 0.02722 0.00000
vt 0.02684 0.00000
vt 0.48172 0.00000
vt 0.48198 0.00000
vt 0.47316 0.00000
vt 0.47278 0.00000
vt 0.83670 0.00000
vt 0.83551 0.00000
vt 0.84326 0.00000
vt 0.84463 0.00000
vt 0.76902 0.00000
vt 0.76896 0.00000
vt 0.77793 0.00000
vt 0.77807 0.00000
vt 0.67248 0.00000
vt 0.67160 0.00000
vt 0.66357 0.00000
vt 0.66463 0.00000
vt 0.27766 0.00000
vt 0.27755 0.00000
vt 0.28635 0.00000
vt 0.28650 0.00000
vt 0.11670 0.00000
vt 0.11777 0.00000
vt 0.12552 0.00000
vt 0.12447 0.00000
vt 0.31197 0.00000
vt 0.31160 0.00000
vt 0.31972 0.00000
vt 0.32016 0.00000
vt 0.18010 0.00000
vt 0.17952 0.00000
vt 0.17146 0.00000
vt 0.17213 0.00000
vt 0.28650 0.00000
vt 0.28635 0.00000
vt 0.29494 0.00000
vt 0.29516 0.00000
vt 0.38219 0.00000
vt 0.38317 0.00000
vt 0.37538 0.00000
vt 0.37443 0.00000
vt 0.30364 0.00000
vt 0.30335 0.00000
vt 0.31160 0.00000
vt 0.31197 0.00000
vt 0.72245 0.00000
vt 0.72234 0.00000
vt 0.71348 0.00000
vt 0.71367 0.00000
vt 0.82869 0.00000
vt 0.82768 0.00000
vt 0.83551 0.00000
vt 0.83670 0.00000
vt 0.68042 0.00000
vt 0.67972 0.00000
vt 0.67160 0.00000
vt 0.67248 0.00000
vt 0.22206 0.00000
vt 0.22193 0.00000
vt 0.21310 0.00000
vt 0.21331 0.00000
vt 0.29516 0.00000
vt 0.29494 0.00000
vt 0.30335 0.00000
vt 0.30364 0.00000
vt 0.18817 0.00000
vt 0.18769 0.00000
vt 0.17952 0.00000
vt 0.18010 0.00000
vt 0.77807 0.00000
vt 0.77793 0.00000
vt 0.78667 0.00000
vt 0.78692 0.00000
vt 0.02684 0.00000
vt 0.02722 0.00000
vt 0.03603 0.00000
vt 0.03552 0.00000
vt 0.68850 0.00000
vt 0.68795 0.00000
vt 0.67972 0.00000
vt 0.68042 0.00000
vt 0.47278 0.00000
vt 0.47316 0.00000
vt 0.46447 0.00000
vt 0.46397 0.00000
vt 0.71367 0.00000
vt 0.71348 0.00000
vt 0.70481 0.00000
vt 0.70510 0.00000
vt 0.10891 0.00000
vt 0.10999 0.00000
vt 0.11777 0.00000
vt 0.11670 0.00000
vt 0.82060 0.00000
vt 0.81976 0.00000
vt 0.82768 0.00000
vt 0.82869 0.00000
vt 0.21331 0.00000
vt 0.21310 0.00000
vt 0.20446 0.00000
vt 0.20476 0.00000
vt 0.19639 0.00000
vt 0.19600 0.00000
vt 0.18769 0.00000
vt 0.18817 0.00000
vt 0.69671 0.00000
vt 0.69630 0.00000
vt 0.68795 0.00000
vt 0.68850 0.00000
vt 0.70510 0.00000
vt 0.70481 0.00000
vt 0.69630 0.00000
vt 0.69671 0.00000
vt 0.20476 0.00000
vt 0.20446 0.00000
vt 0.19600 0.00000
vt 0.19639 0.00000
vt 0.38998 0.00000
vt 0.39099 0.00000
vt 0.38317 0.00000
vt 0.38219 0.00000
vt 0.81239 0.00000
vt 0.81172 0.00000
vt 0.81976 0.00000
vt 0.82060 0.00000
vt 0.78692 0.00000
vt 0.78667 0.00000
vt 0.79520 0.00000
vt 0.79557 0.00000
vt 0.80406 0.00000
vt 0.80354 0.00000
vt 0.81172 0.00000
vt 0.81239 0.00000
vt 0.79557 0.00000
vt 0.79520 0.00000
vt 0.80354 0.00000
vt 0.80406 0.00000
vt 0.10107 0.00000
vt 0.10215 0.00000
vt 0.10999 0.00000
vt 0.10891 0.00000
vt 0.03552 0.00000
vt 0.03603 0.00000
vt 0.04471 0.00000
vt 0.04409 0.00000
vt 0.46397 0.00000
vt 0.46447 0.00000
vt 0.45590 0.00000
vt 0.45529 0.00000
vt 0.39783 0.00000
vt 0.39884 0.00000
vt 0.39099 0.00000
vt 0.38998 0.00000
vt 0.09318 0.00000
vt 0.09424 0.00000
vt 0.10215 0.00000
vt 0.10107 0.00000
vt 0.04409 0.00000
vt 0.04471 0.00000
vt 0.05326 0.00000
vt 0.05253 0.00000
vt 0.40574 0.00000
vt 0.40675 0.00000
vt 0.39884 0.00000
vt 0.39783 0.00000
vt 0.45529 0.00000
vt 0.45590 0.00000
vt 0.44746 0.00000
vt 0.44674 0.00000
vt 0.08523 0.00000
vt 0.08625 0.00000
vt 0.09424 0.00000
vt 0.09318 0.00000
vt 0.05253 0.00000
vt 0.05326 0.00000
vt 0.06168 0.00000
vt 0.06086 0.00000
vt 0.41374 0.00000
vt 0.41471 0.00000
vt 0.40675 0.00000
vt 0.40574 0.00000
vt 0.44674 0.00000
vt 0.44746 0.00000
vt 0.43912 0.00000
vt 0.43832 0.00000
vt 0.07720 0.00000
vt 0.07817 0.00000
vt 0.08625 0.00000
vt 0.08523 0.00000
vt 0.06086 0.00000
vt 0.06168 0.00000
vt 0.06998 0.00000
vt 0.06907 0.00000
vt 0.06907 0.00000
vt 0.06998 0.00000
vt 0.07817 0.00000
vt 0.07720 0.00000
vt 0.42183 0.00000
vt 0.42276 0.00000
vt 0.41471 0.00000
vt 0.41374 0.00000
vt 0.43832 0.00000
vt 0.43912 0.00000
vt 0.43089 0.00000
vt 0.43001 0.00000
vt 0.43001 0.00000
vt 0.43089 0.00000
vt 0.42276 0.00000
vt 0.42183 0.00000
vt 0.76665 0.00000
vt 0.76526 0.00000
vt 0.76299 0.00000
vt 0.77399 0.00000
vt 0.77767 0.00000
vt 0.77643 0.00000
vt 0.81400 0.00000
vt 0.80419 0.00000
vt 0.81928 0.00000
vt 0.84067 0.00000
vt 0.82066 0.00000
vt 0.84619 0.00000
vt 0.83912 0.00000
vt 0.87597 0.00000
vt 0.86963 0.00000
vt 0.91229 0.00000
vt 0.86712 0.00000
vt 0.87370 0.00000
vt 0.74614 0.00000
vt 0.73990 0.00000
vt 0.74046 0.00000
vt 0.65852 0.00000
vt 0.68695 0.00000
vt 0.66566 0.00000
vt 0.62919 0.00000
vt 0.66926 0.00000
vt 0.63670 0.00000
vt 0.50215 0.00000
vt 0.52203 0.00000
vt 0.50517 0.00000
vt 0.43152 0.00000
vt 0.44682 0.00000
vt 0.47021 0.00000
vt 0.37956 0.00000
vt 0.34237 0.00000
vt 0.38729 0.00000
vt 0.26175 0.00000
vt 0.26690 0.00000
vt 0.27013 0.00000
vt 0.24201 0.00000
vt 0.24568 0.00000
vt 0.24599 0.00000
vt 0.21439 0.00000
vt 0.21427 0.00000
vt 0.21763 0.00000
vt 0.18150 0.00000
vt 0.17637 0.00000
vt 0.19411 0.00000
vt 0.16128 0.00000
vt 0.15629 0.00000
vt 0.18361 0.00000
vt 0.14123 0.00000
vt 0.17625 0.00000
vt 0.14628 0.00000
vt 0.13090 0.00000
vt 0.17242 0.00000
vt 0.13611 0.00000
vt 0.13506 0.00000
vt 0.14066 0.00000
vt 0.09029 0.00000
vt 0.07657 0.00000
vt 0.12908 0.00000
vt 0.08358 0.00000
vt 0.31258 0.00000
vt 0.34297 0.00000
vt 0.33588 0.00000
vt 0.10884 0.00000
vt 0.15559 0.00000
vt 0.16006 0.00000
vt 0.11459 0.00000
vt 0.10289 0.00000
vt 0.15088 0.00000
vt 0.15559 0.00000
vt 0.10884 0.00000
vt 0.48138 0.00000
vt 0.46351 0.00000
vt 0.48150 0.00000
vt 0.49299 0.00000
vt 0.09672 0.00000
vt 0.14592 0.00000
vt 0.15088 0.00000
vt 0.10289 0.00000
vt 0.50215 0.00000
vt 0.50517 0.00000
vt 0.49299 0.00000
vt 0.48150 0.00000
vt 0.24599 0.00000
vt 0.24568 0.00000
vt 0.25116 0.00000
vt 0.25421 0.00000
vt 0.11459 0.00000
vt 0.16006 0.00000
vt 0.16435 0.00000
vt 0.12017 0.00000
vt 0.09029 0.00000
vt 0.14066 0.00000
vt 0.14592 0.00000
vt 0.09672 0.00000
vt 0.75565 0.00000
vt 0.75388 0.00000
vt 0.74812 0.00000
vt 0.75197 0.00000
vt 0.13506 0.00000
vt 0.09029 0.00000
vt 0.08358 0.00000
vt 0.12908 0.00000
vt 0.12017 0.00000
vt 0.16435 0.00000
vt 0.16846 0.00000
vt 0.12560 0.00000
vt 0.75932 0.00000
vt 0.75960 0.00000
vt 0.75388 0.00000
vt 0.75565 0.00000
vt 0.43152 0.00000
vt 0.47021 0.00000
vt 0.45947 0.00000
vt 0.41758 0.00000
vt 0.73990 0.00000
vt 0.74614 0.00000
vt 0.75197 0.00000
vt 0.74812 0.00000
vt 0.25651 0.00000
vt 0.26226 0.00000
vt 0.25421 0.00000
vt 0.25116 0.00000
vt 0.47021 0.00000
vt 0.44682 0.00000
vt 0.46351 0.00000
vt 0.48138 0.00000
vt 0.12560 0.00000
vt 0.16846 0.00000
vt 0.17242 0.00000
vt 0.13090 0.00000
vt 0.50517 0.00000
vt 0.52203 0.00000
vt 0.54072 0.00000
vt 0.51700 0.00000
vt 0.90428 0.00000
vt 0.86092 0.00000
vt 0.86712 0.00000
vt 0.91229 0.00000
vt 0.89669 0.00000
vt 0.85506 0.00000
vt 0.86092 0.00000
vt 0.90428 0.00000
vt 0.51700 0.00000
vt 0.54072 0.00000
vt 0.55796 0.00000
vt 0.52844 0.00000
vt 0.17625 0.00000
vt 0.17998 0.00000
vt 0.15130 0.00000
vt 0.14628 0.00000
vt 0.41758 0.00000
vt 0.45947 0.00000
vt 0.44917 0.00000
vt 0.40494 0.00000
vt 0.23930 0.00000
vt 0.23840 0.00000
vt 0.24201 0.00000
vt 0.24599 0.00000
vt 0.88946 0.00000
vt 0.84949 0.00000
vt 0.85506 0.00000
vt 0.89669 0.00000
vt 0.84067 0.00000
vt 0.83524 0.00000
vt 0.81640 0.00000
vt 0.82066 0.00000
vt 0.17242 0.00000
vt 0.17625 0.00000
vt 0.14123 0.00000
vt 0.13611 0.00000
vt 0.52844 0.00000
vt 0.55796 0.00000
vt 0.57366 0.00000
vt 0.53947 0.00000
vt 0.18361 0.00000
vt 0.18717 0.00000
vt 0.16628 0.00000
vt 0.16128 0.00000
vt 0.85758 0.00000
vt 0.85182 0.00000
vt 0.82505 0.00000
vt 0.82957 0.00000
vt 0.17998 0.00000
vt 0.18361 0.00000
vt 0.15629 0.00000
vt 0.15130 0.00000
vt 0.83524 0.00000
vt 0.82988 0.00000
vt 0.81224 0.00000
vt 0.81640 0.00000
vt 0.86351 0.00000
vt 0.85758 0.00000
vt 0.82957 0.00000
vt 0.83426 0.00000
vt 0.88257 0.00000
vt 0.84419 0.00000
vt 0.84949 0.00000
vt 0.88946 0.00000
vt 0.81400 0.00000
vt 0.80872 0.00000
vt 0.80027 0.00000
vt 0.80419 0.00000
vt 0.85182 0.00000
vt 0.84619 0.00000
vt 0.82066 0.00000
vt 0.82505 0.00000
vt 0.61213 0.00000
vt 0.62253 0.00000
vt 0.57940 0.00000
vt 0.57002 0.00000
vt 0.64061 0.00000
vt 0.64854 0.00000
vt 0.60550 0.00000
vt 0.59711 0.00000
vt 0.40494 0.00000
vt 0.44917 0.00000
vt 0.43928 0.00000
vt 0.39347 0.00000
vt 0.60062 0.00000
vt 0.61213 0.00000
vt 0.57002 0.00000
vt 0.56025 0.00000
vt 0.63198 0.00000
vt 0.64061 0.00000
vt 0.59711 0.00000
vt 0.58843 0.00000
vt 0.62253 0.00000
vt 0.63198 0.00000
vt 0.58843 0.00000
vt 0.57940 0.00000
vt 0.53947 0.00000
vt 0.57366 0.00000
vt 0.58785 0.00000
vt 0.55007 0.00000
vt 0.32371 0.00000
vt 0.32962 0.00000
vt 0.36459 0.00000
vt 0.35730 0.00000
vt 0.86963 0.00000
vt 0.86351 0.00000
vt 0.83426 0.00000
vt 0.83912 0.00000
vt 0.82988 0.00000
vt 0.82456 0.00000
vt 0.80818 0.00000
vt 0.81224 0.00000
vt 0.18717 0.00000
vt 0.19066 0.00000
vt 0.17130 0.00000
vt 0.16628 0.00000
vt 0.80872 0.00000
vt 0.80343 0.00000
vt 0.79641 0.00000
vt 0.80027 0.00000
vt 0.64854 0.00000
vt 0.65590 0.00000
vt 0.61362 0.00000
vt 0.60550 0.00000
vt 0.65134 0.00000
vt 0.64407 0.00000
vt 0.67540 0.00000
vt 0.68128 0.00000
vt 0.91229 0.00000
vt 0.87370 0.00000
vt 0.88070 0.00000
vt 0.92075 0.00000
vt 0.78737 0.00000
vt 0.78193 0.00000
vt 0.78137 0.00000
vt 0.78508 0.00000
vt 0.58785 0.00000
vt 0.60062 0.00000
vt 0.56025 0.00000
vt 0.55007 0.00000
vt 0.78193 0.00000
vt 0.77643 0.00000
vt 0.77767 0.00000
vt 0.78137 0.00000
vt 0.80343 0.00000
vt 0.79812 0.00000
vt 0.79259 0.00000
vt 0.79641 0.00000
vt 0.36483 0.00000
vt 0.37354 0.00000
vt 0.42068 0.00000
vt 0.41190 0.00000
vt 0.19411 0.00000
vt 0.19751 0.00000
vt 0.18671 0.00000
vt 0.18150 0.00000
vt 0.79812 0.00000
vt 0.79277 0.00000
vt 0.78882 0.00000
vt 0.79259 0.00000
vt 0.35679 0.00000
vt 0.36483 0.00000
vt 0.41190 0.00000
vt 0.40343 0.00000
vt 0.79277 0.00000
vt 0.78737 0.00000
vt 0.78508 0.00000
vt 0.78882 0.00000
vt 0.87597 0.00000
vt 0.83912 0.00000
vt 0.84419 0.00000
vt 0.88257 0.00000
vt 0.32962 0.00000
vt 0.33582 0.00000
vt 0.37200 0.00000
vt 0.36459 0.00000
vt 0.37354 0.00000
vt 0.38305 0.00000
vt 0.42979 0.00000
vt 0.42068 0.00000
vt 0.82456 0.00000
vt 0.81928 0.00000
vt 0.80419 0.00000
vt 0.80818 0.00000
vt 0.65590 0.00000
vt 0.66278 0.00000
vt 0.62151 0.00000
vt 0.61362 0.00000
vt 0.77087 0.00000
vt 0.76526 0.00000
vt 0.76665 0.00000
vt 0.77032 0.00000
vt 0.31805 0.00000
vt 0.32371 0.00000
vt 0.35730 0.00000
vt 0.35010 0.00000
vt 0.34933 0.00000
vt 0.35679 0.00000
vt 0.40343 0.00000
vt 0.39524 0.00000
vt 0.92075 0.00000
vt 0.88070 0.00000
vt 0.88818 0.00000
vt 0.92969 0.00000
vt 0.38305 0.00000
vt 0.39347 0.00000
vt 0.43928 0.00000
vt 0.42979 0.00000
vt 0.19066 0.00000
vt 0.19411 0.00000
vt 0.17637 0.00000
vt 0.17130 0.00000
vt 0.66926 0.00000
vt 0.67540 0.00000
vt 0.64407 0.00000
vt 0.63670 0.00000
vt 0.68128 0.00000
vt 0.68695 0.00000
vt 0.65852 0.00000
vt 0.65134 0.00000
vt 0.19751 0.00000
vt 0.20088 0.00000
vt 0.19200 0.00000
vt 0.18671 0.00000
vt 0.67988 0.00000
vt 0.67277 0.00000
vt 0.69245 0.00000
vt 0.69783 0.00000
vt 0.30208 0.00000
vt 0.30727 0.00000
vt 0.32880 0.00000
vt 0.32172 0.00000
vt 0.33582 0.00000
vt 0.34237 0.00000
vt 0.37956 0.00000
vt 0.37200 0.00000
vt 0.34237 0.00000
vt 0.34933 0.00000
vt 0.39524 0.00000
vt 0.38729 0.00000
vt 0.66278 0.00000
vt 0.66926 0.00000
vt 0.62919 0.00000
vt 0.62151 0.00000
vt 0.75960 0.00000
vt 0.75932 0.00000
vt 0.76299 0.00000
vt 0.76526 0.00000
vt 0.30727 0.00000
vt 0.31258 0.00000
vt 0.33588 0.00000
vt 0.32880 0.00000
vt 0.29699 0.00000
vt 0.30208 0.00000
vt 0.32172 0.00000
vt 0.31460 0.00000
vt 0.77643 0.00000
vt 0.77087 0.00000
vt 0.77032 0.00000
vt 0.77399 0.00000
vt 0.20088 0.00000
vt 0.20424 0.00000
vt 0.19741 0.00000
vt 0.19200 0.00000
vt 0.69783 0.00000
vt 0.70313 0.00000
vt 0.68702 0.00000
vt 0.67988 0.00000
vt 0.23280 0.00000
vt 0.23484 0.00000
vt 0.23840 0.00000
vt 0.23930 0.00000
vt 0.31258 0.00000
vt 0.31805 0.00000
vt 0.35010 0.00000
vt 0.34297 0.00000
vt 0.67277 0.00000
vt 0.66566 0.00000
vt 0.68695 0.00000
vt 0.69245 0.00000
vt 0.21092 0.00000
vt 0.21427 0.00000
vt 0.21439 0.00000
vt 0.20859 0.00000
vt 0.20424 0.00000
vt 0.20758 0.00000
vt 0.20293 0.00000
vt 0.19741 0.00000
vt 0.20758 0.00000
vt 0.21092 0.00000
vt 0.20859 0.00000
vt 0.20293 0.00000
vt 0.26175 0.00000
vt 0.27013 0.00000
vt 0.26226 0.00000
vt 0.25651 0.00000
vt 0.29196 0.00000
vt 0.29699 0.00000
vt 0.31460 0.00000
vt 0.30744 0.00000
vt 0.70313 0.00000
vt 0.70838 0.00000
vt 0.69422 0.00000
vt 0.68702 0.00000
vt 0.22101 0.00000
vt 0.22441 0.00000
vt 0.22649 0.00000
vt 0.22036 0.00000
vt 0.28697 0.00000
vt 0.29196 0.00000
vt 0.30744 0.00000
vt 0.30020 0.00000
vt 0.27197 0.00000
vt 0.27699 0.00000
vt 0.28542 0.00000
vt 0.27785 0.00000
vt 0.28198 0.00000
vt 0.28697 0.00000
vt 0.30020 0.00000
vt 0.29286 0.00000
vt 0.27699 0.00000
vt 0.28198 0.00000
vt 0.29286 0.00000
vt 0.28542 0.00000
vt 0.70838 0.00000
vt 0.71361 0.00000
vt 0.70150 0.00000
vt 0.69422 0.00000
vt 0.22441 0.00000
vt 0.22785 0.00000
vt 0.23280 0.00000
vt 0.22649 0.00000
vt 0.21763 0.00000
vt 0.22101 0.00000
vt 0.22036 0.00000
vt 0.21439 0.00000
vt 0.73491 0.00000
vt 0.74046 0.00000
vt 0.73990 0.00000
vt 0.73188 0.00000
vt 0.71361 0.00000
vt 0.71885 0.00000
vt 0.70888 0.00000
vt 0.70150 0.00000
vt 0.26690 0.00000
vt 0.27197 0.00000
vt 0.27785 0.00000
vt 0.27013 0.00000
vt 0.72948 0.00000
vt 0.73491 0.00000
vt 0.73188 0.00000
vt 0.72405 0.00000
vt 0.71885 0.00000
vt 0.72413 0.00000
vt 0.71639 0.00000
vt 0.70888 0.00000
vt 0.72413 0.00000
vt 0.72948 0.00000
vt 0.72405 0.00000
vt 0.71639 0.00000
vt 0.23132 0.00000
vt 0.23484 0.00000
vt 0.23280 0.00000
vt 0.22785 0.00000
vt 0.75027 0.00000
vt 0.75021 0.00000
vt 0.74069 0.00000
vt 0.74074 0.00000
vt 0.75974 0.00000
vt 0.75974 0.00000
vt 0.75021 0.00000
vt 0.75027 0.00000
vt 0.00000 1.00000
vt 0.00000 1.00000
vt -0.00941 1.00000
vt -0.00891 1.00000
vt 0.50000 1.00000
vt 0.50000 1.00000
vt 0.50891 1.00000
vt 0.50941 1.00000
vt 0.99109 1.00000
vt 0.99059 1.00000
vt 0.98133 1.00000
vt 0.98228 1.00000
vt 0.50941 1.00000
vt 0.50891 1.00000
vt 0.51772 1.00000
vt 0.51867 1.00000
vt 0.24973 1.00000
vt 0.24979 1.00000
vt 0.25931 1.00000
vt 0.25926 1.00000
vt 0.00000 1.00000
vt 0.00000 1.00000
vt 0.00907 1.00000
vt 0.00920 1.00000
vt 0.50000 1.00000
vt 0.50000 1.00000
vt 0.49080 1.00000
vt 0.49092 1.00000
vt 0.24979 1.00000
vt 0.24973 1.00000
vt 0.24026 1.00000
vt 0.24026 1.00000
vt 0.98228 1.00000
vt 0.98133 1.00000
vt 0.97224 1.00000
vt 0.97359 1.00000
vt 0.51867 1.00000
vt 0.51772 1.00000
vt 0.52642 1.00000
vt 0.52776 1.00000
vt 0.91543 1.00000
vt 0.91292 1.00000
vt 0.90497 1.00000
vt 0.90745 1.00000
vt 0.14779 1.00000
vt 0.14869 1.00000
vt 0.14096 1.00000
vt 0.14000 1.00000
vt 0.97359 1.00000
vt 0.97224 1.00000
vt 0.96331 1.00000
vt 0.96499 1.00000
vt 0.52776 1.00000
vt 0.52642 1.00000
vt 0.53501 1.00000
vt 0.53669 1.00000
vt 0.59262 1.00000
vt 0.59505 1.00000
vt 0.58709 1.00000
vt 0.58462 1.00000
vt 0.89710 1.00000
vt 0.89953 1.00000
vt 0.90745 1.00000
vt 0.90497 1.00000
vt 0.92348 1.00000
vt 0.92098 1.00000
vt 0.91292 1.00000
vt 0.91543 1.00000
vt 0.60056 1.00000
vt 0.60292 1.00000
vt 0.59505 1.00000
vt 0.59262 1.00000
vt 0.35980 1.00000
vt 0.35897 1.00000
vt 0.35122 1.00000
vt 0.35199 1.00000
vt 0.96499 1.00000
vt 0.96331 1.00000
vt 0.95455 1.00000
vt 0.95650 1.00000
vt 0.53669 1.00000
vt 0.53501 1.00000
vt 0.54351 1.00000
vt 0.54545 1.00000
vt 0.57902 1.00000
vt 0.57656 1.00000
vt 0.58462 1.00000
vt 0.58709 1.00000
vt 0.88932 1.00000
vt 0.89165 1.00000
vt 0.89953 1.00000
vt 0.89710 1.00000
vt 0.93160 1.00000
vt 0.92917 1.00000
vt 0.92098 1.00000
vt 0.92348 1.00000
vt 0.60846 1.00000
vt 0.61071 1.00000
vt 0.60292 1.00000
vt 0.60056 1.00000
vt 0.34344 1.00000
vt 0.34414 1.00000
vt 0.35199 1.00000
vt 0.35122 1.00000
vt 0.95650 1.00000
vt 0.95455 1.00000
vt 0.94594 1.00000
vt 0.94811 1.00000
vt 0.54545 1.00000
vt 0.54351 1.00000
vt 0.55191 1.00000
vt 0.55406 1.00000
vt 0.57084 1.00000
vt 0.56843 1.00000
vt 0.57656 1.00000
vt 0.57902 1.00000
vt 0.93981 1.00000
vt 0.93748 1.00000
vt 0.92917 1.00000
vt 0.93160 1.00000
vt 0.94811 1.00000
vt 0.94594 1.00000
vt 0.93748 1.00000
vt 0.93981 1.00000
vt 0.61632 1.00000
vt 0.61844 1.00000
vt 0.61071 1.00000
vt 0.60846 1.00000
vt 0.88160 1.00000
vt 0.88380 1.00000
vt 0.89165 1.00000
vt 0.88932 1.00000
vt 0.55406 1.00000
vt 0.55191 1.00000
vt 0.56021 1.00000
vt 0.56252 1.00000
vt 0.56252 1.00000
vt 0.56021 1.00000
vt 0.56843 1.00000
vt 0.57084 1.00000
vt 0.62417 1.00000
vt 0.62613 1.00000
vt 0.61844 1.00000
vt 0.61632 1.00000
vt 0.87392 1.00000
vt 0.87598 1.00000
vt 0.88380 1.00000
vt 0.88160 1.00000
vt 0.25926 1.00000
vt 0.25931 1.00000
vt 0.26860 1.00000
vt 0.26853 1.00000
vt 0.15561 1.00000
vt 0.15644 1.00000
vt 0.14869 1.00000
vt 0.14779 1.00000
vt 0.63200 1.00000
vt 0.63380 1.00000
vt 0.62613 1.00000
vt 0.62417 1.00000
vt 0.13324 1.00000
vt 0.13223 1.00000
vt 0.14000 1.00000
vt 0.14096 1.00000
vt 0.00920 1.00000
vt 0.00907 1.00000
vt 0.01802 1.00000
vt 0.01828 1.00000
vt 0.49092 1.00000
vt 0.49080 1.00000
vt 0.48172 1.00000
vt 0.48198 1.00000
vt 0.86626 1.00000
vt 0.86817 1.00000
vt 0.87598 1.00000
vt 0.87392 1.00000
vt 0.74069 1.00000
vt 0.74074 1.00000
vt 0.73147 1.00000
vt 0.73140 1.00000
vt 0.63985 1.00000
vt 0.64146 1.00000
vt 0.63380 1.00000
vt 0.63200 1.00000
vt 0.24026 1.00000
vt 0.24026 1.00000
vt 0.23104 1.00000
vt 0.23098 1.00000
vt 0.33561 1.00000
vt 0.33623 1.00000
vt 0.34414 1.00000
vt 0.34344 1.00000
vt 0.36759 1.00000
vt 0.36670 1.00000
vt 0.35897 1.00000
vt 0.35980 1.00000
vt 0.75974 1.00000
vt 0.75974 1.00000
vt 0.76902 1.00000
vt 0.76896 1.00000
vt 0.64771 1.00000
vt 0.64914 1.00000
vt 0.64146 1.00000
vt 0.63985 1.00000
vt 0.85861 1.00000
vt 0.86035 1.00000
vt 0.86817 1.00000
vt 0.86626 1.00000
vt 0.65562 1.00000
vt 0.65686 1.00000
vt 0.64914 1.00000
vt 0.64771 1.00000
vt 0.16350 1.00000
vt 0.16425 1.00000
vt 0.15644 1.00000
vt 0.15561 1.00000
vt 0.85095 1.00000
vt 0.85251 1.00000
vt 0.86035 1.00000
vt 0.85861 1.00000
vt 0.32771 1.00000
vt 0.32824 1.00000
vt 0.33623 1.00000
vt 0.33561 1.00000
vt 0.12552 1.00000
vt 0.12447 1.00000
vt 0.13223 1.00000
vt 0.13324 1.00000
vt 0.26853 1.00000
vt 0.26860 1.00000
vt 0.27766 1.00000
vt 0.27755 1.00000
vt 0.84326 1.00000
vt 0.84463 1.00000
vt 0.85251 1.00000
vt 0.85095 1.00000
vt 0.66357 1.00000
vt 0.66463 1.00000
vt 0.65686 1.00000
vt 0.65562 1.00000
vt 0.37538 1.00000
vt 0.37443 1.00000
vt 0.36670 1.00000
vt 0.36759 1.00000
vt 0.73140 1.00000
vt 0.73147 1.00000
vt 0.72245 1.00000
vt 0.72234 1.00000
vt 0.23098 1.00000
vt 0.23104 1.00000
vt 0.22206 1.00000
vt 0.22193 1.00000
vt 0.17146 1.00000
vt 0.17213 1.00000
vt 0.16425 1.00000
vt 0.16350 1.00000
vt 0.31972 1.00000
vt 0.32016 1.00000
vt 0.32824 1.00000
vt 0.32771 1.00000
vt 0.01828 1.00000
vt 0.01802 1.00000
vt 0.02684 1.00000
vt 0.02722 1.00000
vt 0.48198 1.00000
vt 0.48172 1.00000
vt 0.47278 1.00000
vt 0.47316 1.00000
vt 0.83551 1.00000
vt 0.83670 1.00000
vt 0.84463 1.00000
vt 0.84326 1.00000
vt 0.76896 1.00000
vt 0.76902 1.00000
vt 0.77807 1.00000
vt 0.77793 1.00000
vt 0.67160 1.00000
vt 0.67248 1.00000
vt 0.66463 1.00000
vt 0.66357 1.00000
vt 0.27755 1.00000
vt 0.27766 1.00000
vt 0.28650 1.00000
vt 0.28635 1.00000
vt 0.11777 1.00000
vt 0.11670 1.00000
vt 0.12447 1.00000
vt 0.12552 1.00000
vt 0.31160 1.00000
vt 0.31197 1.00000
vt 0.32016 1.00000
vt 0.31972 1.00000
vt 0.17952 1.00000
vt 0.18010 1.00000
vt 0.17213 1.00000
vt 0.17146 1.00000
vt 0.28635 1.00000
vt 0.28650 1.00000
vt 0.29516 1.00000
vt 0.29494 1.00000
vt 0.38317 1.00000
vt 0.38219 1.00000
vt 0.37443 1.00000
vt 0.37538 1.00000
vt 0.30335 1.00000
vt 0.30364 1.00000
vt 0.31197 1.00000
vt 0.31160 1.00000
vt 0.72234 1.00000
vt 0.72245 1.00000
vt 0.71367 1.00000
vt 0.71348 1.00000
vt 0.82768 1.00000
vt 0.82869 1.00000
vt 0.83670 1.00000
vt 0.83551 1.00000
vt 0.67972 1.00000
vt 0.68042 1.00000
vt 0.67248 1.00000
vt 0.67160 1.00000
vt 0.22193 1.00000
vt 0.22206 1.00000
vt 0.21331 1.00000
vt 0.21310 1.00000
vt 0.29494 1.00000
vt 0.29516 1.00000
vt 0.30364 1.00000
vt 0.30335 1.00000
vt 0.18769 1.00000
vt 0.18817 1.00000
vt 0.18010 1.00000
vt 0.17952 1.00000
vt 0.77793 1.00000
vt 0.77807 1.00000
vt 0.78692 1.00000
vt 0.78667 1.00000
vt 0.02722 1.00000
vt 0.02684 1.00000
vt 0.03552 1.00000
vt 0.03603 1.00000
vt 0.68795 1.00000
vt 0.68850 1.00000
vt 0.68042 1.00000
vt 0.67972 1.00000
vt 0.47316 1.00000
vt 0.47278 1.00000
vt 0.46397 1.00000
vt 0.46447 1.00000
vt 0.71348 1.00000
vt 0.71367 1.00000
vt 0.70510 1.00000
vt 0.70481 1.00000
vt 0.10999 1.00000
vt 0.10891 1.00000
vt 0.11670 1.00000
vt 0.11777 1.00000
vt 0.81976 1.00000
vt 0.82060 1.00000
vt 0.82869 1.00000
vt 0.82768 1.00000
vt 0.21310 1.00000
vt 0.21331 1.00000
vt 0.20476 1.00000
vt 0.20446 1.00000
vt 0.19600 1.00000
vt 0.19639 1.00000
vt 0.18817 1.00000
vt 0.18769 1.00000
vt 0.69630 1.00000
vt 0.69671 1.00000
vt 0.68850 1.00000
vt 0.68795 1.00000
vt 0.70481 1.00000
vt 0.70510 1.00000
vt 0.69671 1.00000
vt 0.69630 1.00000
vt 0.20446 1.00000
vt 0.20476 1.00000
vt 0.19639 1.00000
vt 0.19600 1.00000
vt 0.39099 1.00000
vt 0.38998 1.00000
vt 0.38219 1.00000
vt 0.38317 1.00000
vt 0.81172 1.00000
vt 0.81239 1.00000
vt 0.82060 1.00000
vt 0.81976 1.00000
vt 0.78667 1.00000
vt 0.78692 1.00000
vt 0.79557 1.00000
vt 0.79520 1.00000
vt 0.80354 1.00000
vt 0.80406 1.00000
vt 0.81239 1.00000
vt 0.81172 1.00000
vt 0.79520 1.00000
vt 0.79557 1.00000
vt 0.80406 1.00000
vt 0.80354 1.00000
vt 0.10215 1.00000
vt 0.10107 1.00000
vt 0.10891 1.00000
vt 0.10999 1.00000
vt 0.03603 1.00000
vt 0.03552 1.00000
vt 0.04409 1.00000
vt 0.04471 1.00000
vt 0.46447 1.00000
vt 0.46397 1.00000
vt 0.45529 1.00000
vt 0.45590 1.00000
vt 0.39884 1.00000
vt 0.39783 1.00000
vt 0.38998 1.00000
vt 0.39099 1.00000
vt 0.09424 1.00000
vt 0.09318 1.00000
vt 0.10107 1.00000
vt 0.10215 1.00000
vt 0.04471 1.00000
vt 0.04409 1.00000
vt 0.05253 1.00000
vt 0.05326 1.00000
vt 0.40675 1.00000
vt 0.40574 1.00000
vt 0.39783 1.00000
vt 0.39884 1.00000
vt 0.45590 1.00000
vt 0.45529 1.00000
vt 0.44674 1.00000
vt 0.44746 1.00000
vt 0.08625 1.00000
vt 0.08523 1.00000
vt 0.09318 1.00000
vt 0.09424 1.00000
vt 0.05326 1.00000
vt 0.05253 1.00000
vt 0.06086 1.00000
vt 0.06168 1.00000
vt 0.41471 1.00000
vt 0.41374 1.00000
vt 0.40574 1.00000
vt 0.40675 1.00000
vt 0.44746 1.00000
vt 0.44674 1.00000
vt 0.43832 1.00000
vt 0.43912 1.00000
vt 0.07817 1.00000
vt 0.07720 1.00000
vt 0.08523 1.00000
vt 0.08625 1.00000
vt 0.06168 1.00000
vt 0.06086 1.00000
vt 0.06907 1.00000
vt 0.06998 1.00000
vt 0.06998 1.00000
vt 0.06907 1.00000
vt 0.07720 1.00000
vt 0.07817 1.00000
vt 0.42276 1.00000
vt 0.42183 1.00000
vt 0.41374 1.00000
vt 0.41471 1.00000
vt 0.43912 1.00000
vt 0.43832 1.00000
vt 0.43001 1.00000
vt 0.43089 1.00000
vt 0.43089 1.00000
vt 0.43001 1.00000
vt 0.42183 1.00000
vt 0.42276 1.00000
vt 0.76299 1.00000
vt 0.76526 1.00000
vt 0.76665 1.00000
vt 0.77643 1.00000
vt 0.77767 1.00000
vt 0.77399 1.00000
vt 0.81928 1.00000
vt 0.80419 1.00000
vt 0.81400 1.00000
vt 0.84619 1.00000
vt 0.82066 1.00000
vt 0.84067 1.00000
vt 0.86963 1.00000
vt 0.87597 1.00000
vt 0.83912 1.00000
vt 0.87370 1.00000
vt 0.86712 1.00000
vt 0.91229 1.00000
vt 0.74046 1.00000
vt 0.73990 1.00000
vt 0.74614 1.00000
vt 0.66566 1.00000
vt 0.68695 1.00000
vt 0.65852 1.00000
vt 0.63670 1.00000
vt 0.66926 1.00000
vt 0.62919 1.00000
vt 0.50517 1.00000
vt 0.52203 1.00000
vt 0.50215 1.00000
vt 0.47021 1.00000
vt 0.44682 1.00000
vt 0.43152 1.00000
vt 0.38729 1.00000
vt 0.34237 1.00000
vt 0.37956 1.00000
vt 0.27013 1.00000
vt 0.26690 1.00000
vt 0.26175 1.00000
vt 0.24599 1.00000
vt 0.24568 1.00000
vt 0.24201 1.00000
vt 0.21763 1.00000
vt 0.21427 1.00000
vt 0.21439 1.00000
vt 0.19411 1.00000
vt 0.17637 1.00000
vt 0.18150 1.00000
vt 0.18361 1.00000
vt 0.15629 1.00000
vt 0.16128 1.00000
vt 0.14628 1.00000
vt 0.17625 1.00000
vt 0.14123 1.00000
vt 0.13611 1.00000
vt 0.17242 1.00000
vt 0.13090 1.00000
vt 0.09029 1.00000
vt 0.14066 1.00000
vt 0.13506 1.00000
vt 0.08358 1.00000
vt 0.12908 1.00000
vt 0.07657 1.00000
vt 0.33588 1.00000
vt 0.34297 1.00000
vt 0.31258 1.00000
vt 0.15559 1.00000
vt 0.10884 1.00000
vt 0.11459 1.00000
vt 0.16006 1.00000
vt 0.15088 1.00000
vt 0.10289 1.00000
vt 0.10884 1.00000
vt 0.15559 1.00000
vt 0.46351 1.00000
vt 0.48138 1.00000
vt 0.49299 1.00000
vt 0.48150 1.00000
vt 0.14592 1.00000
vt 0.09672 1.00000
vt 0.10289 1.00000
vt 0.15088 1.00000
vt 0.50517 1.00000
vt 0.50215 1.00000
vt 0.48150 1.00000
vt 0.49299 1.00000
vt 0.24568 1.00000
vt 0.24599 1.00000
vt 0.25421 1.00000
vt 0.25116 1.00000
vt 0.16006 1.00000
vt 0.11459 1.00000
vt 0.12017 1.00000
vt 0.16435 1.00000
vt 0.14066 1.00000
vt 0.09029 1.00000
vt 0.09672 1.00000
vt 0.14592 1.00000
vt 0.75388 1.00000
vt 0.75565 1.00000
vt 0.75197 1.00000
vt 0.74812 1.00000
vt 0.09029 1.00000
vt 0.13506 1.00000
vt 0.12908 1.00000
vt 0.08358 1.00000
vt 0.16435 1.00000
vt 0.12017 1.00000
vt 0.12560 1.00000
vt 0.16846 1.00000
vt 0.75960 1.00000
vt 0.75932 1.00000
vt 0.75565 1.00000
vt 0.75388 1.00000
vt 0.47021 1.00000
vt 0.43152 1.00000
vt 0.41758 1.00000
vt 0.45947 1.00000
vt 0.74614 1.00000
vt 0.73990 1.00000
vt 0.74812 1.00000
vt 0.75197 1.00000
vt 0.26226 1.00000
vt 0.25651 1.00000
vt 0.25116 1.00000
vt 0.25421 1.00000
vt 0.44682 1.00000
vt 0.47021 1.00000
vt 0.48138 1.00000
vt 0.46351 1.00000
vt 0.16846 1.00000
vt 0.12560 1.00000
vt 0.13090 1.00000
vt 0.17242 1.00000
vt 0.52203 1.00000
vt 0.50517 1.00000
vt 0.51700 1.00000
vt 0.54072 1.00000
vt 0.86092 1.00000
vt 0.90428 1.00000
vt 0.91229 1.00000
vt 0.86712 1.00000
vt 0.85506 1.00000
vt 0.89669 1.00000
vt 0.90428 1.00000
vt 0.86092 1.00000
vt 0.54072 1.00000
vt 0.51700 1.00000
vt 0.52844 1.00000
vt 0.55796 1.00000
vt 0.17998 1.00000
vt 0.17625 1.00000
vt 0.14628 1.00000
vt 0.15130 1.00000
vt 0.45947 1.00000
vt 0.41758 1.00000
vt 0.40494 1.00000
vt 0.44917 1.00000
vt 0.23840 1.00000
vt 0.23930 1.00000
vt 0.24599 1.00000
vt 0.24201 1.00000
vt 0.84949 1.00000
vt 0.88946 1.00000
vt 0.89669 1.00000
vt 0.85506 1.00000
vt 0.83524 1.00000
vt 0.84067 1.00000
vt 0.82066 1.00000
vt 0.81640 1.00000
vt 0.17625 1.00000
vt 0.17242 1.00000
vt 0.13611 1.00000
vt 0.14123 1.00000
vt 0.55796 1.00000
vt 0.52844 1.00000
vt 0.53947 1.00000
vt 0.57366 1.00000
vt 0.18717 1.00000
vt 0.18361 1.00000
vt 0.16128 1.00000
vt 0.16628 1.00000
vt 0.85182 1.00000
vt 0.85758 1.00000
vt 0.82957 1.00000
vt 0.82505 1.00000
vt 0.18361 1.00000
vt 0.17998 1.00000
vt 0.15130 1.00000
vt 0.15629 1.00000
vt 0.82988 1.00000
vt 0.83524 1.00000
vt 0.81640 1.00000
vt 0.81224 1.00000
vt 0.85758 1.00000
vt 0.86351 1.00000
vt 0.83426 1.00000
vt 0.82957 1.00000
vt 0.84419 1.00000
vt 0.88257 1.00000
vt 0.88946 1.00000
vt 0.84949 1.00000
vt 0.80872 1.00000
vt 0.81400 1.00000
vt 0.80419 1.00000
vt 0.80027 1.00000
vt 0.84619 1.00000
vt 0.85182 1.00000
vt 0.82505 1.00000
vt 0.82066 1.00000
vt 0.62253 1.00000
vt 0.61213 1.00000
vt 0.57002 1.00000
vt 0.57940 1.00000
vt 0.64854 1.00000
vt 0.64061 1.00000
vt 0.59711 1.00000
vt 0.60550 1.00000
vt 0.44917 1.00000
vt 0.40494 1.00000
vt 0.39347 1.00000
vt 0.43928 1.00000
vt 0.61213 1.00000
vt 0.60062 1.00000
vt 0.56025 1.00000
vt 0.57002 1.00000
vt 0.64061 1.00000
vt 0.63198 1.00000
vt 0.58843 1.00000
vt 0.59711 1.00000
vt 0.63198 1.00000
vt 0.62253 1.00000
vt 0.57940 1.00000
vt 0.58843 1.00000
vt 0.57366 1.00000
vt 0.53947 1.00000
vt 0.55007 1.00000
vt 0.58785 1.00000
vt 0.32962 1.00000
vt 0.32371 1.00000
vt 0.35730 1.00000
vt 0.36459 1.00000
vt 0.86351 1.00000
vt 0.86963 1.00000
vt 0.83912 1.00000
vt 0.83426 1.00000
vt 0.82456 1.00000
vt 0.82988 1.00000
vt 0.81224 1.00000
vt 0.80818 1.00000
vt 0.19066 1.00000
vt 0.18717 1.00000
vt 0.16628 1.00000
vt 0.17130 1.00000
vt 0.80343 1.00000
vt 0.80872 1.00000
vt 0.80027 1.00000
vt 0.79641 1.00000
vt 0.65590 1.00000
vt 0.64854 1.00000
vt 0.60550 1.00000
vt 0.61362 1.00000
vt 0.64407 1.00000
vt 0.65134 1.00000
vt 0.68128 1.00000
vt 0.67540 1.00000
vt 0.87370 1.00000
vt 0.91229 1.00000
vt 0.92075 1.00000
vt 0.88070 1.00000
vt 0.78193 1.00000
vt 0.78737 1.00000
vt 0.78508 1.00000
vt 0.78137 1.00000
vt 0.60062 1.00000
vt 0.58785 1.00000
vt 0.55007 1.00000
vt 0.56025 1.00000
vt 0.77643 1.00000
vt 0.78193 1.00000
vt 0.78137 1.00000
vt 0.77767 1.00000
vt 0.79812 1.00000
vt 0.80343 1.00000
vt 0.79641 1.00000
vt 0.79259 1.00000
vt 0.37354 1.00000
vt 0.36483 1.00000
vt 0.41190 1.00000
vt 0.42068 1.00000
vt 0.19751 1.00000
vt 0.19411 1.00000
vt 0.18150 1.00000
vt 0.18671 1.00000
vt 0.79277 1.00000
vt 0.79812 1.00000
vt 0.79259 1.00000
vt 0.78882 1.00000
vt 0.36483 1.00000
vt 0.35679 1.00000
vt 0.40343 1.00000
vt 0.41190 1.00000
vt 0.78737 1.00000
vt 0.79277 1.00000
vt 0.78882 1.00000
vt 0.78508 1.00000
vt 0.83912 1.00000
vt 0.87597 1.00000
vt 0.88257 1.00000
vt 0.84419 1.00000
vt 0.33582 1.00000
vt 0.32962 1.00000
vt 0.36459 1.00000
vt 0.37200 1.00000
vt 0.38305 1.00000
vt 0.37354 1.00000
vt 0.42068 1.00000
vt 0.42979 1.00000
vt 0.81928 1.00000
vt 0.82456 1.00000
vt 0.80818 1.00000
vt 0.80419 1.00000
vt 0.66278 1.00000
vt 0.65590 1.00000
vt 0.61362 1.00000
vt 0.62151 1.00000
vt 0.76526 1.00000
vt 0.77087 1.00000
vt 0.77032 1.00000
vt 0.76665 1.00000
vt 0.32371 1.00000
vt 0.31805 1.00000
vt 0.35010 1.00000
vt 0.35730 1.00000
vt 0.35679 1.00000
vt 0.34933 1.00000
vt 0.39524 1.00000
vt 0.40343 1.00000
vt 0.88070 1.00000
vt 0.92075 1.00000
vt 0.92969 1.00000
vt 0.88818 1.00000
vt 0.39347 1.00000
vt 0.38305 1.00000
vt 0.42979 1.00000
vt 0.43928 1.00000
vt 0.19411 1.00000
vt 0.19066 1.00000
vt 0.17130 1.00000
vt 0.17637 1.00000
vt 0.67540 1.00000
vt 0.66926 1.00000
vt 0.63670 1.00000
vt 0.64407 1.00000
vt 0.68695 1.00000
vt 0.68128 1.00000
vt 0.65134 1.00000
vt 0.65852 1.00000
vt 0.20088 1.00000
vt 0.19751 1.00000
vt 0.18671 1.00000
vt 0.19200 1.00000
vt 0.67277 1.00000
vt 0.67988 1.00000
vt 0.69783 1.00000
vt 0.69245 1.00000
vt 0.30727 1.00000
vt 0.30208 1.00000
vt 0.32172 1.00000
vt 0.32880 1.00000
vt 0.34237 1.00000
vt 0.33582 1.00000
vt 0.37200 1.00000
vt 0.37956 1.00000
vt 0.34933 1.00000
vt 0.34237 1.00000
vt 0.38729 1.00000
vt 0.39524 1.00000
vt 0.66926 1.00000
vt 0.66278 1.00000
vt 0.62151 1.00000
vt 0.62919 1.00000
vt 0.75932 1.00000
vt 0.75960 1.00000
vt 0.76526 1.00000
vt 0.76299 1.00000
vt 0.31258 1.00000
vt 0.30727 1.00000
vt 0.32880 1.00000
vt 0.33588 1.00000
vt 0.30208 1.00000
vt 0.29699 1.00000
vt 0.31460 1.00000
vt 0.32172 1.00000
vt 0.77087 1.00000
vt 0.77643 1.00000
vt 0.77399 1.00000
vt 0.77032 1.00000
vt 0.20424 1.00000
vt 0.20088 1.00000
vt 0.19200 1.00000
vt 0.19741 1.00000
vt 0.70313 1.00000
vt 0.69783 1.00000
vt 0.67988 1.00000
vt 0.68702 1.00000
vt 0.23484 1.00000
vt 0.23280 1.00000
vt 0.23930 1.00000
vt 0.23840 1.00000
vt 0.31805 1.00000
vt 0.31258 1.00000
vt 0.34297 1.00000
vt 0.35010 1.00000
vt 0.66566 1.00000
vt 0.67277 1.00000
vt 0.69245 1.00000
vt 0.68695 1.00000
vt 0.21427 1.00000
vt 0.21092 1.00000
vt 0.20859 1.00000
vt 0.21439 1.00000
vt 0.20758 1.00000
vt 0.20424 1.00000
vt 0.19741 1.00000
vt 0.20293 1.00000
vt 0.21092 1.00000
vt 0.20758 1.00000
vt 0.20293 1.00000
vt 0.20859 1.00000
vt 0.27013 1.00000
vt 0.26175 1.00000
vt 0.25651 1.00000
vt 0.26226 1.00000
vt 0.29699 1.00000
vt 0.29196 1.00000
vt 0.30744 1.00000
vt 0.31460 1.00000
vt 0.70838 1.00000
vt 0.70313 1.00000
vt 0.68702 1.00000
vt 0.69422 1.00000
vt 0.22441 1.00000
vt 0.22101 1.00000
vt 0.22036 1.00000
vt 0.22649 1.00000
vt 0.29196 1.00000
vt 0.28697 1.00000
vt 0.30020 1.00000
vt 0.30744 1.00000
vt 0.27699 1.00000
vt 0.27197 1.00000
vt 0.27785 1.00000
vt 0.28542 1.00000
vt 0.28697 1.00000
vt 0.28198 1.00000
vt 0.29286 1.00000
vt 0.30020 1.00000
vt 0.28198 1.00000
vt 0.27699 1.00000
vt 0.28542 1.00000
vt 0.29286 1.00000
vt 0.71361 1.00000
vt 0.70838 1.00000
vt 0.69422 1.00000
vt 0.70150 1.00000
vt 0.22785 1.00000
vt 0.22441 1.00000
vt 0.22649 1.00000
vt 0.23280 1.00000
vt 0.22101 1.00000
vt 0.21763 1.00000
vt 0.21439 1.00000
vt 0.22036 1.00000
vt 0.74046 1.00000
vt 0.73491 1.00000
vt 0.73188 1.00000
vt 0.73990 1.00000
vt 0.71885 1.00000
vt 0.71361 1.00000
vt 0.70150 1.00000
vt 0.70888 1.00000
vt 0.27197 1.00000
vt 0.26690 1.00000
vt 0.27013 1.00000
vt 0.27785 1.00000
vt 0.73491 1.00000
vt 0.72948 1.00000
vt 0.72405 1.00000
vt 0.73188 1.00000
vt 0.72413 1.00000
vt 0.71885 1.00000
vt 0.70888 1.00000
vt 0.71639 1.00000
vt 0.72948 1.00000
vt 0.72413 1.00000
vt 0.71639 1.00000
vt 0.72405 1.00000
vt 0.23132 1.00000
vt 0.22785 1.00000
vt 0.23280 1.00000
vt 0.23484 1.00000
vt 0.75021 1.00000
vt 0.75027 1.00000
vt 0.74074 1.00000
vt 0.74069 1.00000
vt 0.75974 1.00000
vt 0.75974 1.00000
vt 0.75027 1.00000
vt 0.75021 1.00000
vt 0.00000 0.00000
vt 0.00000 1.00000
vt -0.00891 1.00000
vt -0.00891 0.00000
vt 0.99059 0.00000
vt 0.99059 1.00000
vt 1.00000 1.00000
vt 1.00000 0.00000
vt 0.50000 0.00000
vt 0.50000 1.00000
vt 0.50941 1.00000
vt 0.50941 0.00000
vt 0.50891 0.00000
vt 0.50891 1.00000
vt 0.50000 1.00000
vt 0.50000 0.00000
vt 0.99109 0.00000
vt 0.99109 1.00000
vt 0.98228 1.00000
vt 0.98228 0.00000
vt 0.98133 0.00000
vt 0.98133 1.00000
vt 0.99059 1.00000
vt 0.99059 0.00000
vt 0.50941 0.00000
vt 0.50941 1.00000
vt 0.51867 1.00000
vt 0.51867 0.00000
vt 0.51772 0.00000
vt 0.51772 1.00000
vt 0.50891 1.00000
vt 0.50891 0.00000
vt 0.24973 0.00000
vt 0.24973 1.00000
vt 0.25926 1.00000
vt 0.25926 0.00000
vt 0.25931 0.00000
vt 0.25931 1.00000
vt 0.24979 1.00000
vt 0.24979 0.00000
vt 0.00000 0.00000
vt 0.00000 1.00000
vt 0.00920 1.00000
vt 0.00920 0.00000
vt 0.00907 0.00000
vt 0.00907 1.00000
vt 0.00000 1.00000
vt 0.00000 0.00000
vt 0.50000 0.00000
vt 0.50000 1.00000
vt 0.49092 1.00000
vt 0.49092 0.00000
vt 0.49080 0.00000
vt 0.49080 1.00000
vt 0.50000 1.00000
vt 0.50000 0.00000
vt 0.24979 0.00000
vt 0.24979 1.00000
vt 0.24026 1.00000
vt 0.24026 0.00000
vt 0.24026 0.00000
vt 0.24026 1.00000
vt 0.24973 1.00000
vt 0.24973 0.00000
vt 0.98228 0.00000
vt 0.98228 1.00000
vt 0.97359 1.00000
vt 0.97359 0.00000
vt 0.97224 0.00000
vt 0.97224 1.00000
vt 0.98133 1.00000
vt 0.98133 0.00000
vt 0.51867 0.00000
vt 0.51867 1.00000
vt 0.52776 1.00000
vt 0.52776 0.00000
vt 0.52642 0.00000
vt 0.52642 1.00000
vt 0.51772 1.00000
vt 0.51772 0.00000
vt 0.91543 -0.00000
vt 0.91543 1.00000
vt 0.90745 1.00000
vt 0.90745 -0.00000
vt 0.90497 0.00000
vt 0.90497 1.00000
vt 0.91292 1.00000
vt 0.91292 0.00000
vt 0.14779 0.00000
vt 0.14779 1.00000
vt 0.14000 1.00000
vt 0.14000 0.00000
vt 0.14096 0.00000
vt 0.14096 1.00000
vt 0.14869 1.00000
vt 0.14869 0.00000
vt 0.97359 0.00000
vt 0.97359 1.00000
vt 0.96499 1.00000
vt 0.96499 0.00000
vt 0.96331 0.00000
vt 0.96331 1.00000
vt 0.97224 1.00000
vt 0.97224 0.00000
vt 0.52776 0.00000
vt 0.52776 1.00000
vt 0.53669 1.00000
vt 0.53669 0.00000
vt 0.53501 0.00000
vt 0.53501 1.00000
vt 0.52642 1.00000
vt 0.52642 0.00000
vt 0.59262 0.00000
vt 0.59262 1.00000
vt 0.58462 1.00000
vt 0.58462 0.00000
vt 0.58709 0.00000
vt 0.58709 1.00000
vt 0.59505 1.00000
vt 0.59505 0.00000
vt 0.89710 0.00000
vt 0.89710 1.00000
vt 0.90497 1.00000
vt 0.90497 0.00000
vt 0.90745 0.00000
vt 0.90745 1.00000
vt 0.89953 1.00000
vt 0.89953 0.00000
vt 0.92348 0.00000
vt 0.92348 1.00000
vt 0.91543 1.00000
vt 0.91543 0.00000
vt 0.91292 0.00000
vt 0.91292 1.00000
vt 0.92098 1.00000
vt 0.92098 0.00000
vt 0.60056 0.00000
vt 0.60056 1.00000
vt 0.59262 1.00000
vt 0.59262 0.00000
vt 0.59505 0.00000
vt 0.59505 1.00000
vt 0.60292 1.00000
vt 0.60292 0.00000
vt 0.35980 0.00000
vt 0.35980 1.00000
vt 0.35199 1.00000
vt 0.35199 0.00000
vt 0.35122 0.00000
vt 0.35122 1.00000
vt 0.35897 1.00000
vt 0.35897 0.00000
vt 0.96499 0.00000
vt 0.96499 1.00000
vt 0.95650 1.00000
vt 0.95650 0.00000
vt 0.95455 0.00000
vt 0.95455 1.00000
vt 0.96331 1.00000
vt 0.96331 0.00000
vt 0.53669 0.00000
vt 0.53669 1.00000
vt 0.54545 1.00000
vt 0.54545 0.00000
vt 0.54351 0.00000
vt 0.54351 1.00000
vt 0.53501 1.00000
vt 0.53501 0.00000
vt 0.57902 0.00000
vt 0.57902 1.00000
vt 0.58709 1.00000
vt 0.58709 0.00000
vt 0.58462 0.00000
vt 0.58462 1.00000
vt 0.57656 1.00000
vt 0.57656 0.00000
vt 0.88932 0.00000
vt 0.88932 1.00000
vt 0.89710 1.00000
vt 0.89710 0.00000
vt 0.89953 0.00000
vt 0.89953 1.00000
vt 0.89165 1.00000
vt 0.89165 0.00000
vt 0.93160 0.00000
vt 0.93160 1.00000
vt 0.92348 1.00000
vt 0.92348 0.00000
vt 0.92098 0.00000
vt 0.92098 1.00000
vt 0.92917 1.00000
vt 0.92917 0.00000
vt 0.60846 0.00000
vt 0.60846 1.00000
vt 0.60056 1.00000
vt 0.60056 0.00000
vt 0.60292 0.00000
vt 0.60292 1.00000
vt 0.61071 1.00000
vt 0.61071 0.00000
vt 0.34344 0.00000
vt 0.34344 1.00000
vt 0.35122 1.00000
vt 0.35122 0.00000
vt 0.35199 0.00000
vt 0.35199 1.00000
vt 0.34414 1.00000
vt 0.34414 0.00000
vt 0.95650 0.00000
vt 0.95650 1.00000
vt 0.94811 1.00000
vt 0.94811 0.00000
vt 0.94594 0.00000
vt 0.94594 1.00000
vt 0.95455 1.00000
vt 0.95455 0.00000
vt 0.54545 -0.00000
vt 0.54545 1.00000
vt 0.55406 1.00000
vt 0.55406 -0.00000
vt 0.55191 0.00000
vt 0.55191 1.00000
vt 0.54351 1.00000
vt 0.54351 0.00000
vt 0.57084 0.00000
vt 0.57084 1.00000
vt 0.57902 1.00000
vt 0.57902 0.00000
vt 0.57656 0.00000
vt 0.57656 1.00000
vt 0.56843 1.00000
vt 0.56843 0.00000
vt 0.93981 0.00000
vt 0.93981 1.00000
vt 0.93160 1.00000
vt 0.93160 0.00000
vt 0.92917 0.00000
vt 0.92917 1.00000
vt 0.93748 1.00000
vt 0.93748 0.00000
vt 0.94811 0.00000
vt 0.94811 1.00000
vt 0.93981 1.00000
vt 0.93981 0.00000
vt 0.93748 0.00000
vt 0.93748 1.00000
vt 0.94594 1.00000
vt 0.94594 0.00000
vt 0.61632 0.00000
vt 0.61632 1.00000
vt 0.60846 1.00000
vt 0.60846 0.00000
vt 0.61071 0.00000
vt 0.61071 1.00000
vt 0.61844 1.00000
vt 0.61844 0.00000
vt 0.88160 0.00000
vt 0.88160 1.00000
vt 0.88932 1.00000
vt 0.88932 0.00000
vt 0.89165 0.00000
vt 0.89165 1.00000
vt 0.88380 1.00000
vt 0.88380 0.00000
vt 0.55406 0.00000
vt 0.55406 1.00000
vt 0.56252 1.00000
vt 0.56252 0.00000
vt 0.56021 0.00000
vt 0.56021 1.00000
vt 0.55191 1.00000
vt 0.55191 0.00000
vt 0.56252 0.00000
vt 0.56252 1.00000
vt 0.57084 1.00000
vt 0.57084 0.00000
vt 0.56843 0.00000
vt 0.56843 1.00000
vt 0.56021 1.00000
vt 0.56021 0.00000
vt 0.62417 0.00000
vt 0.62417 1.00000
vt 0.61632 1.00000
vt 0.61632 0.00000
vt 0.61844 0.00000
vt 0.61844 1.00000
vt 0.62613 1.00000
vt 0.62613 0.00000
vt 0.87392 0.00000
vt 0.87392 1.00000
vt 0.88160 1.00000
vt 0.88160 0.00000
vt 0.88380 0.00000
vt 0.88380 1.00000
vt 0.87598 1.00000
vt 0.87598 0.00000
vt 0.25926 0.00000
vt 0.25926 1.00000
vt 0.26853 1.00000
vt 0.26853 0.00000
vt 0.26860 0.00000
vt 0.26860 1.00000
vt 0.25931 1.00000
vt 0.25931 0.00000
vt 0.15561 0.00000
vt 0.15561 1.00000
vt 0.14779 1.00000
vt 0.14779 0.00000
vt 0.14869 0.00000
vt 0.14869 1.00000
vt 0.15644 1.00000
vt 0.15644 0.00000
vt 0.63200 0.00000
vt 0.63200 1.00000
vt 0.62417 1.00000
vt 0.62417 0.00000
vt 0.62613 0.00000
vt 0.62613 1.00000
vt 0.63380 1.00000
vt 0.63380 0.00000
vt 0.13324 0.00000
vt 0.13324 1.00000
vt 0.14096 1.00000
vt 0.14096 0.00000
vt 0.14000 0.00000
vt 0.14000 1.00000
vt 0.13223 1.00000
vt 0.13223 0.00000
vt 0.00920 0.00000
vt 0.00920 1.00000
vt 0.01828 1.00000
vt 0.01828 0.00000
vt 0.01802 0.00000
vt 0.01802 1.00000
vt 0.00907 1.00000
vt 0.00907 0.00000
vt 0.49092 0.00000
vt 0.49092 1.00000
vt 0.48198 1.00000
vt 0.48198 0.00000
vt 0.48172 0.00000
vt 0.48172 1.00000
vt 0.49080 1.00000
vt 0.49080 0.00000
vt 0.86626 0.00000
vt 0.86626 1.00000
vt 0.87392 1.00000
vt 0.87392 0.00000
vt 0.87598 0.00000
vt 0.87598 1.00000
vt 0.86817 1.00000
vt 0.86817 0.00000
vt 0.74069 0.00000
vt 0.74069 1.00000
vt 0.73140 1.00000
vt 0.73140 0.00000
vt 0.73147 0.00000
vt 0.73147 1.00000
vt 0.74074 1.00000
vt 0.74074 0.00000
vt 0.63985 0.00000
vt 0.63985 1.00000
vt 0.63200 1.00000
vt 0.63200 0.00000
vt 0.63380 0.00000
vt 0.63380 1.00000
vt 0.64146 1.00000
vt 0.64146 0.00000
vt 0.24026 0.00000
vt 0.24026 1.00000
vt 0.23098 1.00000
vt 0.23098 0.00000
vt 0.23104 0.00000
vt 0.23104 1.00000
vt 0.24026 1.00000
vt 0.24026 0.00000
vt 0.33561 0.00000
vt 0.33561 1.00000
vt 0.34344 1.00000
vt 0.34344 0.00000
vt 0.34414 0.00000
vt 0.34414 1.00000
vt 0.33623 1.00000
vt 0.33623 0.00000
vt 0.36759 0.00000
vt 0.36759 1.00000
vt 0.35980 1.00000
vt 0.35980 0.00000
vt 0.35897 0.00000
vt 0.35897 1.00000
vt 0.36670 1.00000
vt 0.36670 0.00000
vt 0.75974 0.00000
vt 0.75974 1.00000
vt 0.76896 1.00000
vt 0.76896 0.00000
vt 0.76902 0.00000
vt 0.76902 1.00000
vt 0.75974 1.00000
vt 0.75974 0.00000
vt 0.64771 0.00000
vt 0.64771 1.00000
vt 0.63985 1.00000
vt 0.63985 0.00000
vt 0.64146 0.00000
vt 0.64146 1.00000
vt 0.64914 1.00000
vt 0.64914 0.00000
vt 0.85861 0.00000
vt 0.85861 1.00000
vt 0.86626 1.00000
vt 0.86626 0.00000
vt 0.86817 0.00000
vt 0.86817 1.00000
vt 0.86035 1.00000
vt 0.86035 0.00000
vt 0.65562 0.00000
vt 0.65562 1.00000
vt 0.64771 1.00000
vt 0.64771 0.00000
vt 0.64914 0.00000
vt 0.64914 1.00000
vt 0.65686 1.00000
vt 0.65686 0.00000
vt 0.16350 0.00000
vt 0.16350 1.00000
vt 0.15561 1.00000
vt 0.15561 0.00000
vt 0.15644 0.00000
vt 0.15644 1.00000
vt 0.16425 1.00000
vt 0.16425 0.00000
vt 0.85095 0.00000
vt 0.85095 1.00000
vt 0.85861 1.00000
vt 0.85861 0.00000
vt 0.86035 0.00000
vt 0.86035 1.00000
vt 0.85251 1.00000
vt 0.85251 0.00000
vt 0.32771 0.00000
vt 0.32771 1.00000
vt 0.33561 1.00000
vt 0.33561 0.00000
vt 0.33623 0.00000
vt 0.33623 1.00000
vt 0.32824 1.00000
vt 0.32824 0.00000
vt 0.12552 0.00000
vt 0.12552 1.00000
vt 0.13324 1.00000
vt 0.13324 0.00000
vt 0.13223 0.00000
vt 0.13223 1.00000
vt 0.12447 1.00000
vt 0.12447 0.00000
vt 0.26853 0.00000
vt 0.26853 1.00000
vt 0.27755 1.00000
vt 0.27755 0.00000
vt 0.27766 0.00000
vt 0.27766 1.00000
vt 0.26860 1.00000
vt 0.26860 0.00000
vt 0.84326 0.00000
vt 0.84326 1.00000
vt 0.85095 1.00000
vt 0.85095 0.00000
vt 0.85251 0.00000
vt 0.85251 1.00000
vt 0.84463 1.00000
vt 0.84463 0.00000
vt 0.66357 0.00000
vt 0.66357 1.00000
vt 0.65562 1.00000
vt 0.65562 0.00000
vt 0.65686 0.00000
vt 0.65686 1.00000
vt 0.66463 1.00000
vt 0.66463 0.00000
vt 0.37538 0.00000
vt 0.37538 1.00000
vt 0.36759 1.00000
vt 0.36759 0.00000
vt 0.36670 0.00000
vt 0.36670 1.00000
vt 0.37443 1.00000
vt 0.37443 0.00000
vt 0.73140 0.00000
vt 0.73140 1.00000
vt 0.72234 1.00000
vt 0.72234 0.00000
vt 0.72245 0.00000
vt 0.72245 1.00000
vt 0.73147 1.00000
vt 0.73147 0.00000
vt 0.23098 0.00000
vt 0.23098 1.00000
vt 0.22193 1.00000
vt 0.22193 0.00000
vt 0.22206 0.00000
vt 0.22206 1.00000
vt 0.23104 1.00000
vt 0.23104 0.00000
vt 0.17146 0.00000
vt 0.17146 1.00000
vt 0.16350 1.00000
vt 0.16350 0.00000
vt 0.16425 0.00000
vt 0.16425 1.00000
vt 0.17213 1.00000
vt 0.17213 0.00000
vt 0.31972 0.00000
vt 0.31972 1.00000
vt 0.32771 1.00000
vt 0.32771 0.00000
vt 0.32824 0.00000
vt 0.32824 1.00000
vt 0.32016 1.00000
vt 0.32016 0.00000
vt 0.01828 0.00000
vt 0.01828 1.00000
vt 0.02722 1.00000
vt 0.02722 0.00000
vt 0.02684 0.00000
vt 0.02684 1.00000
vt 0.01802 1.00000
vt 0.01802 0.00000
vt 0.48198 0.00000
vt 0.48198 1.00000
vt 0.47316 1.00000
vt 0.47316 0.00000
vt 0.47278 0.00000
vt 0.47278 1.00000
vt 0.48172 1.00000
vt 0.48172 0.00000
vt 0.83551 0.00000
vt 0.83551 1.00000
vt 0.84326 1.00000
vt 0.84326 0.00000
vt 0.84463 0.00000
vt 0.84463 1.00000
vt 0.83670 1.00000
vt 0.83670 0.00000
vt 0.76896 0.00000
vt 0.76896 1.00000
vt 0.77793 1.00000
vt 0.77793 0.00000
vt 0.77807 0.00000
vt 0.77807 1.00000
vt 0.76902 1.00000
vt 0.76902 0.00000
vt 0.67160 0.00000
vt 0.67160 1.00000
vt 0.66357 1.00000
vt 0.66357 0.00000
vt 0.66463 0.00000
vt 0.66463 1.00000
vt 0.67248 1.00000
vt 0.67248 0.00000
vt 0.27755 0.00000
vt 0.27755 1.00000
vt 0.28635 1.00000
vt 0.28635 0.00000
vt 0.28650 0.00000
vt 0.28650 1.00000
vt 0.27766 1.00000
vt 0.27766 0.00000
vt 0.11777 0.00000
vt 0.11777 1.00000
vt 0.12552 1.00000
vt 0.12552 0.00000
vt 0.12447 0.00000
vt 0.12447 1.00000
vt 0.11670 1.00000
vt 0.11670 0.00000
vt 0.31160 0.00000
vt 0.31160 1.00000
vt 0.31972 1.00000
vt 0.31972 0.00000
vt 0.32016 0.00000
vt 0.32016 1.00000
vt 0.31197 1.00000
vt 0.31197 0.00000
vt 0.17952 0.00000
vt 0.17952 1.00000
vt 0.17146 1.00000
vt 0.17146 0.00000
vt 0.17213 0.00000
vt 0.17213 1.00000
vt 0.18010 1.00000
vt 0.18010 0.00000
vt 0.28635 0.00000
vt 0.28635 1.00000
vt 0.29494 1.00000
vt 0.29494 0.00000
vt 0.29516 0.00000
vt 0.29516 1.00000
vt 0.28650 1.00000
vt 0.28650 0.00000
vt 0.38317 0.00000
vt 0.38317 1.00000
vt 0.37538 1.00000
vt 0.37538 0.00000
vt 0.37443 0.00000
vt 0.37443 1.00000
vt 0.38219 1.00000
vt 0.38219 0.00000
vt 0.30335 0.00000
vt 0.30335 1.00000
vt 0.31160 1.00000
vt 0.31160 0.00000
vt 0.31197 0.00000
vt 0.31197 1.00000
vt 0.30364 1.00000
vt 0.30364 0.00000
vt 0.72234 0.00000
vt 0.72234 1.00000
vt 0.71348 1.00000
vt 0.71348 0.00000
vt 0.71367 0.00000
vt 0.71367 1.00000
vt 0.72245 1.00000
vt 0.72245 0.00000
vt 0.82768 0.00000
vt 0.82768 1.00000
vt 0.83551 1.00000
vt 0.83551 0.00000
vt 0.83670 0.00000
vt 0.83670 1.00000
vt 0.82869 1.00000
vt 0.82869 0.00000
vt 0.67972 0.00000
vt 0.67972 1.00000
vt 0.67160 1.00000
vt 0.67160 0.00000
vt 0.67248 0.00000
vt 0.67248 1.00000
vt 0.68042 1.00000
vt 0.68042 0.00000
vt 0.22193 0.00000
vt 0.22193 1.00000
vt 0.21310 1.00000
vt 0.21310 0.00000
vt 0.21331 0.00000
vt 0.21331 1.00000
vt 0.22206 1.00000
vt 0.22206 0.00000
vt 0.29494 0.00000
vt 0.29494 1.00000
vt 0.30335 1.00000
vt 0.30335 0.00000
vt 0.30364 0.00000
vt 0.30364 1.00000
vt 0.29516 1.00000
vt 0.29516 0.00000
vt 0.18769 0.00000
vt 0.18769 1.00000
vt 0.17952 1.00000
vt 0.17952 0.00000
vt 0.18010 0.00000
vt 0.18010 1.00000
vt 0.18817 1.00000
vt 0.18817 0.00000
vt 0.77793 0.00000
vt 0.77793 1.00000
vt 0.78667 1.00000
vt 0.78667 0.00000
vt 0.78692 0.00000
vt 0.78692 1.00000
vt 0.77807 1.00000
vt 0.77807 0.00000
vt 0.02722 0.00000
vt 0.02722 1.00000
vt 0.03603 1.00000
vt 0.03603 0.00000
vt 0.03552 0.00000
vt 0.03552 1.00000
vt 0.02684 1.00000
vt 0.02684 0.00000
vt 0.68795 0.00000
vt 0.68795 1.00000
vt 0.67972 1.00000
vt 0.67972 0.00000
vt 0.68042 0.00000
vt 0.68042 1.00000
vt 0.68850 1.00000
vt 0.68850 0.00000
vt 0.47316 0.00000
vt 0.47316 1.00000
vt 0.46447 1.00000
vt 0.46447 0.00000
vt 0.46397 0.00000
vt 0.46397 1.00000
vt 0.47278 1.00000
vt 0.47278 0.00000
vt 0.71348 0.00000
vt 0.71348 1.00000
vt 0.70481 1.00000
vt 0.70481 0.00000
vt 0.70510 0.00000
vt 0.70510 1.00000
vt 0.71367 1.00000
vt 0.71367 0.00000
vt 0.10999 0.00000
vt 0.10999 1.00000
vt 0.11777 1.00000
vt 0.11777 0.00000
vt 0.11670 0.00000
vt 0.11670 1.00000
vt 0.10891 1.00000
vt 0.10891 0.00000
vt 0.81976 0.00000
vt 0.81976 1.00000
vt 0.82768 1.00000
vt 0.82768 0.00000
vt 0.82869 0.00000
vt 0.82869 1.00000
vt 0.82060 1.00000
vt 0.82060 0.00000
vt 0.21310 0.00000
vt 0.21310 1.00000
vt 0.20446 1.00000
vt 0.20446 0.00000
vt 0.20476 0.00000
vt 0.20476 1.00000
vt 0.21331 1.00000
vt 0.21331 0.00000
vt 0.19600 0.00000
vt 0.19600 1.00000
vt 0.18769 1.00000
vt 0.18769 0.00000
vt 0.18817 0.00000
vt 0.18817 1.00000
vt 0.19639 1.00000
vt 0.19639 0.00000
vt 0.69630 0.00000
vt 0.69630 1.00000
vt 0.68795 1.00000
vt 0.68795 0.00000
vt 0.68850 0.00000
vt 0.68850 1.00000
vt 0.69671 1.00000
vt 0.69671 0.00000
vt 0.70481 0.00000
vt 0.70481 1.00000
vt 0.69630 1.00000
vt 0.69630 0.00000
vt 0.69671 0.00000
vt 0.69671 1.00000
vt 0.70510 1.00000
vt 0.70510 0.00000
vt 0.20446 0.00000
vt 0.20446 1.00000
vt 0.19600 1.00000
vt 0.19600 0.00000
vt 0.19639 0.00000
vt 0.19639 1.00000
vt 0.20476 1.00000
vt 0.20476 0.00000
vt 0.39099 0.00000
vt 0.39099 1.00000
vt 0.38317 1.00000
vt 0.38317 0.00000
vt 0.38219 0.00000
vt 0.38219 1.00000
vt 0.38998 1.00000
vt 0.38998 0.00000
vt 0.81172 0.00000
vt 0.81172 1.00000
vt 0.81976 1.00000
vt 0.81976 0.00000
vt 0.82060 0.00000
vt 0.82060 1.00000
vt 0.81239 1.00000
vt 0.81239 0.00000
vt 0.78667 0.00000
vt 0.78667 1.00000
vt 0.79520 1.00000
vt 0.79520 0.00000
vt 0.79557 0.00000
vt 0.79557 1.00000
vt 0.78692 1.00000
vt 0.78692 0.00000
vt 0.80354 0.00000
vt 0.80354 1.00000
vt 0.81172 1.00000
vt 0.81172 0.00000
vt 0.81239 0.00000
vt 0.81239 1.00000
vt 0.80406 1.00000
vt 0.80406 0.00000
vt 0.79520 0.00000
vt 0.79520 1.00000
vt 0.80354 1.00000
vt 0.80354 0.00000
vt 0.80406 0.00000
vt 0.80406 1.00000
vt 0.79557 1.00000
vt 0.79557 0.00000
vt 0.10215 0.00000
vt 0.10215 1.00000
vt 0.10999 1.00000
vt 0.10999 0.00000
vt 0.10891 0.00000
vt 0.10891 1.00000
vt 0.10107 1.00000
vt 0.10107 0.00000
vt 0.03603 0.00000
vt 0.03603 1.00000
vt 0.04471 1.00000
vt 0.04471 0.00000
vt 0.04409 0.00000
vt 0.04409 1.00000
vt 0.03552 1.00000
vt 0.03552 0.00000
vt 0.46447 0.00000
vt 0.46447 1.00000
vt 0.45590 1.00000
vt 0.45590 0.00000
vt 0.45529 0.00000
vt 0.45529 1.00000
vt 0.46397 1.00000
vt 0.46397 0.00000
vt 0.39884 0.00000
vt 0.39884 1.00000
vt 0.39099 1.00000
vt 0.39099 0.00000
vt 0.38998 0.00000
vt 0.38998 1.00000
vt 0.39783 1.00000
vt 0.39783 0.00000
vt 0.09424 0.00000
vt 0.09424 1.00000
vt 0.10215 1.00000
vt 0.10215 0.00000
vt 0.10107 0.00000
vt 0.10107 1.00000
vt 0.09318 1.00000
vt 0.09318 0.00000
vt 0.04471 0.00000
vt 0.04471 1.00000
vt 0.05326 1.00000
vt 0.05326 0.00000
vt 0.05253 0.00000
vt 0.05253 1.00000
vt 0.04409 1.00000
vt 0.04409 0.00000
vt 0.40675 0.00000
vt 0.40675 1.00000
vt 0.39884 1.00000
vt 0.39884 0.00000
vt 0.39783 0.00000
vt 0.39783 1.00000
vt 0.40574 1.00000
vt 0.40574 0.00000
vt 0.45590 0.00000
vt 0.45590 1.00000
vt 0.44746 1.00000
vt 0.44746 0.00000
vt 0.44674 0.00000
vt 0.44674 1.00000
vt 0.45529 1.00000
vt 0.45529 0.00000
vt 0.08625 0.00000
vt 0.08625 1.00000
vt 0.09424 1.00000
vt 0.09424 0.00000
vt 0.09318 0.00000
vt 0.09318 1.00000
vt 0.08523 1.00000
vt 0.08523 0.00000
vt 0.05326 0.00000
vt 0.05326 1.00000
vt 0.06168 1.00000
vt 0.06168 0.00000
vt 0.06086 0.00000
vt 0.06086 1.00000
vt 0.05253 1.00000
vt 0.05253 0.00000
vt 0.41471 0.00000
vt 0.41471 1.00000
vt 0.40675 1.00000
vt 0.40675 0.00000
vt 0.40574 0.00000
vt 0.40574 1.00000
vt 0.41374 1.00000
vt 0.41374 0.00000
vt 0.44746 0.00000
vt 0.44746 1.00000
vt 0.43912 1.00000
vt 0.43912 0.00000
vt 0.43832 0.00000
vt 0.43832 1.00000
vt 0.44674 1.00000
vt 0.44674 0.00000
vt 0.07817 0.00000
vt 0.07817 1.00000
vt 0.08625 1.00000
vt 0.08625 0.00000
vt 0.08523 0.00000
vt 0.08523 1.00000
vt 0.07720 1.00000
vt 0.07720 0.00000
vt 0.06168 0.00000
vt 0.06168 1.00000
vt 0.06998 1.00000
vt 0.06998 0.00000
vt 0.06907 0.00000
vt 0.06907 1.00000
vt 0.06086 1.00000
vt 0.06086 0.00000
vt 0.06998 0.00000
vt 0.06998 1.00000
vt 0.07817 1.00000
vt 0.07817 0.00000
vt 0.07720 0.00000
vt 0.07720 1.00000
vt 0.06907 1.00000
vt 0.06907 0.00000
vt 0.42276 0.00000
vt 0.42276 1.00000
vt 0.41471 1.00000
vt 0.41471 0.00000
vt 0.41374 0.00000
vt 0.41374 1.00000
vt 0.42183 1.00000
vt 0.42183 0.00000
vt 0.43912 0.00000
vt 0.43912 1.00000
vt 0.43089 1.00000
vt 0.43089 0.00000
vt 0.43001 0.00000
vt 0.43001 1.00000
vt 0.43832 1.00000
vt 0.43832 0.00000
vt 0.43089 0.00000
vt 0.43089 1.00000
vt 0.42276 1.00000
vt 0.42276 0.00000
vt 0.42183 0.00000
vt 0.42183 1.00000
vt 0.43001 1.00000
vt 0.43001 0.00000
vt 0.76299 0.00000
vt 0.76299 1.00000
vt 0.76665 1.00000
vt 0.76665 0.00000
vt 0.77399 0.00000
vt 0.77399 1.00000
vt 0.77767 1.00000
vt 0.77767 0.00000
vt 0.81928 0.00000
vt 0.81928 1.00000
vt 0.81400 1.00000
vt 0.81400 0.00000
vt 0.84619 0.00000
vt 0.84619 1.00000
vt 0.84067 1.00000
vt 0.84067 0.00000
vt 0.87597 0.00000
vt 0.87597 1.00000
vt 0.86963 1.00000
vt 0.86963 0.00000
vt 0.86712 0.00000
vt 0.86712 1.00000
vt 0.87370 1.00000
vt 0.87370 0.00000
vt 0.74046 -0.00000
vt 0.74046 1.00000
vt 0.74614 1.00000
vt 0.74614 -0.00000
vt 0.66566 0.00000
vt 0.66566 1.00000
vt 0.65852 1.00000
vt 0.65852 0.00000
vt 0.63670 0.00000
vt 0.63670 1.00000
vt 0.62919 1.00000
vt 0.62919 0.00000
vt 0.50215 0.00000
vt 0.50215 1.00000
vt 0.52203 1.00000
vt 0.52203 0.00000
vt 0.43152 0.00000
vt 0.43152 1.00000
vt 0.44682 1.00000
vt 0.44682 0.00000
vt 0.38729 0.00000
vt 0.38729 1.00000
vt 0.37956 1.00000
vt 0.37956 0.00000
vt 0.26175 0.00000
vt 0.26175 1.00000
vt 0.26690 1.00000
vt 0.26690 0.00000
vt 0.24201 0.00000
vt 0.24201 1.00000
vt 0.24568 1.00000
vt 0.24568 0.00000
vt 0.21427 0.00000
vt 0.21427 1.00000
vt 0.21763 1.00000
vt 0.21763 0.00000
vt 0.18150 0.00000
vt 0.18150 1.00000
vt 0.17637 1.00000
vt 0.17637 0.00000
vt 0.16128 0.00000
vt 0.16128 1.00000
vt 0.15629 1.00000
vt 0.15629 0.00000
vt 0.14628 0.00000
vt 0.14628 1.00000
vt 0.14123 1.00000
vt 0.14123 0.00000
vt 0.13611 0.00000
vt 0.13611 1.00000
vt 0.13090 1.00000
vt 0.13090 0.00000
vt 0.13506 0.00000
vt 0.13506 1.00000
vt 0.14066 1.00000
vt 0.14066 0.00000
vt 0.07657 0.00000
vt 0.07657 1.00000
vt 0.12908 1.00000
vt 0.12908 0.00000
vt 0.08358 0.00000
vt 0.08358 1.00000
vt 0.07657 1.00000
vt 0.07657 0.00000
vt 0.34297 0.00000
vt 0.34297 1.00000
vt 0.33588 1.00000
vt 0.33588 0.00000
vt 0.15559 0.00000
vt 0.15559 1.00000
vt 0.16006 1.00000
vt 0.16006 0.00000
vt 0.11459 0.00000
vt 0.11459 1.00000
vt 0.10884 1.00000
vt 0.10884 0.00000
vt 0.15088 0.00000
vt 0.15088 1.00000
vt 0.15559 1.00000
vt 0.15559 0.00000
vt 0.10884 0.00000
vt 0.10884 1.00000
vt 0.10289 1.00000
vt 0.10289 0.00000
vt 0.46351 0.00000
vt 0.46351 1.00000
vt 0.48150 1.00000
vt 0.48150 0.00000
vt 0.49299 0.00000
vt 0.49299 1.00000
vt 0.48138 1.00000
vt 0.48138 0.00000
vt 0.14592 0.00000
vt 0.14592 1.00000
vt 0.15088 1.00000
vt 0.15088 0.00000
vt 0.10289 0.00000
vt 0.10289 1.00000
vt 0.09672 1.00000
vt 0.09672 0.00000
vt 0.50517 0.00000
vt 0.50517 1.00000
vt 0.49299 1.00000
vt 0.49299 0.00000
vt 0.48150 0.00000
vt 0.48150 1.00000
vt 0.50215 1.00000
vt 0.50215 0.00000
vt 0.24568 0.00000
vt 0.24568 1.00000
vt 0.25116 1.00000
vt 0.25116 0.00000
vt 0.25421 0.00000
vt 0.25421 1.00000
vt 0.24599 1.00000
vt 0.24599 0.00000
vt 0.16006 0.00000
vt 0.16006 1.00000
vt 0.16435 1.00000
vt 0.16435 0.00000
vt 0.12017 0.00000
vt 0.12017 1.00000
vt 0.11459 1.00000
vt 0.11459 0.00000
vt 0.14066 0.00000
vt 0.14066 1.00000
vt 0.14592 1.00000
vt 0.14592 0.00000
vt 0.09672 0.00000
vt 0.09672 1.00000
vt 0.09029 1.00000
vt 0.09029 0.00000
vt 0.75388 0.00000
vt 0.75388 1.00000
vt 0.74812 1.00000
vt 0.74812 0.00000
vt 0.75197 0.00000
vt 0.75197 1.00000
vt 0.75565 1.00000
vt 0.75565 0.00000
vt 0.09029 0.00000
vt 0.09029 1.00000
vt 0.08358 1.00000
vt 0.08358 0.00000
vt 0.12908 0.00000
vt 0.12908 1.00000
vt 0.13506 1.00000
vt 0.13506 0.00000
vt 0.16435 0.00000
vt 0.16435 1.00000
vt 0.16846 1.00000
vt 0.16846 0.00000
vt 0.12560 0.00000
vt 0.12560 1.00000
vt 0.12017 1.00000
vt 0.12017 0.00000
vt 0.75960 0.00000
vt 0.75960 1.00000
vt 0.75388 1.00000
vt 0.75388 0.00000
vt 0.75565 0.00000
vt 0.75565 1.00000
vt 0.75932 1.00000
vt 0.75932 0.00000
vt 0.47021 0.00000
vt 0.47021 1.00000
vt 0.45947 1.00000
vt 0.45947 0.00000
vt 0.41758 0.00000
vt 0.41758 1.00000
vt 0.43152 1.00000
vt 0.43152 0.00000
vt 0.74614 0.00000
vt 0.74614 1.00000
vt 0.75197 1.00000
vt 0.75197 0.00000
vt 0.74812 0.00000
vt 0.74812 1.00000
vt 0.73990 1.00000
vt 0.73990 0.00000
vt 0.26226 0.00000
vt 0.26226 1.00000
vt 0.25421 1.00000
vt 0.25421 0.00000
vt 0.25116 0.00000
vt 0.25116 1.00000
vt 0.25651 1.00000
vt 0.25651 0.00000
vt 0.44682 0.00000
vt 0.44682 1.00000
vt 0.46351 1.00000
vt 0.46351 0.00000
vt 0.48138 0.00000
vt 0.48138 1.00000
vt 0.47021 1.00000
vt 0.47021 0.00000
vt 0.16846 0.00000
vt 0.16846 1.00000
vt 0.17242 1.00000
vt 0.17242 0.00000
vt 0.13090 0.00000
vt 0.13090 1.00000
vt 0.12560 1.00000
vt 0.12560 0.00000
vt 0.52203 -0.00000
vt 0.52203 1.00000
vt 0.54072 1.00000
vt 0.54072 -0.00000
vt 0.51700 0.00000
vt 0.51700 1.00000
vt 0.50517 1.00000
vt 0.50517 0.00000
vt 0.86092 0.00000
vt 0.86092 1.00000
vt 0.86712 1.00000
vt 0.86712 0.00000
vt 0.91229 0.00000
vt 0.91229 1.00000
vt 0.90428 1.00000
vt 0.90428 0.00000
vt 0.85506 0.00000
vt 0.85506 1.00000
vt 0.86092 1.00000
vt 0.86092 0.00000
vt 0.90428 0.00000
vt 0.90428 1.00000
vt 0.89669 1.00000
vt 0.89669 0.00000
vt 0.54072 0.00000
vt 0.54072 1.00000
vt 0.55796 1.00000
vt 0.55796 0.00000
vt 0.52844 0.00000
vt 0.52844 1.00000
vt 0.51700 1.00000
vt 0.51700 0.00000
vt 0.17625 0.00000
vt 0.17625 1.00000
vt 0.17998 1.00000
vt 0.17998 0.00000
vt 0.15130 0.00000
vt 0.15130 1.00000
vt 0.14628 1.00000
vt 0.14628 0.00000
vt 0.45947 0.00000
vt 0.45947 1.00000
vt 0.44917 1.00000
vt 0.44917 0.00000
vt 0.40494 0.00000
vt 0.40494 1.00000
vt 0.41758 1.00000
vt 0.41758 0.00000
vt 0.23840 0.00000
vt 0.23840 1.00000
vt 0.24201 1.00000
vt 0.24201 0.00000
vt 0.24599 0.00000
vt 0.24599 1.00000
vt 0.23930 1.00000
vt 0.23930 0.00000
vt 0.84949 0.00000
vt 0.84949 1.00000
vt 0.85506 1.00000
vt 0.85506 0.00000
vt 0.89669 0.00000
vt 0.89669 1.00000
vt 0.88946 1.00000
vt 0.88946 0.00000
vt 0.84067 0.00000
vt 0.84067 1.00000
vt 0.83524 1.00000
vt 0.83524 0.00000
vt 0.81640 0.00000
vt 0.81640 1.00000
vt 0.82066 1.00000
vt 0.82066 0.00000
vt 0.17242 0.00000
vt 0.17242 1.00000
vt 0.17625 1.00000
vt 0.17625 0.00000
vt 0.14123 0.00000
vt 0.14123 1.00000
vt 0.13611 1.00000
vt 0.13611 0.00000
vt 0.55796 0.00000
vt 0.55796 1.00000
vt 0.57366 1.00000
vt 0.57366 0.00000
vt 0.53947 0.00000
vt 0.53947 1.00000
vt 0.52844 1.00000
vt 0.52844 0.00000
vt 0.18361 0.00000
vt 0.18361 1.00000
vt 0.18717 1.00000
vt 0.18717 0.00000
vt 0.16628 0.00000
vt 0.16628 1.00000
vt 0.16128 1.00000
vt 0.16128 0.00000
vt 0.85758 0.00000
vt 0.85758 1.00000
vt 0.85182 1.00000
vt 0.85182 0.00000
vt 0.82505 0.00000
vt 0.82505 1.00000
vt 0.82957 1.00000
vt 0.82957 0.00000
vt 0.17998 0.00000
vt 0.17998 1.00000
vt 0.18361 1.00000
vt 0.18361 0.00000
vt 0.15629 0.00000
vt 0.15629 1.00000
vt 0.15130 1.00000
vt 0.15130 0.00000
vt 0.83524 0.00000
vt 0.83524 1.00000
vt 0.82988 1.00000
vt 0.82988 0.00000
vt 0.81224 0.00000
vt 0.81224 1.00000
vt 0.81640 1.00000
vt 0.81640 0.00000
vt 0.86351 0.00000
vt 0.86351 1.00000
vt 0.85758 1.00000
vt 0.85758 0.00000
vt 0.82957 0.00000
vt 0.82957 1.00000
vt 0.83426 1.00000
vt 0.83426 0.00000
vt 0.84419 0.00000
vt 0.84419 1.00000
vt 0.84949 1.00000
vt 0.84949 0.00000
vt 0.88946 0.00000
vt 0.88946 1.00000
vt 0.88257 1.00000
vt 0.88257 0.00000
vt 0.81400 0.00000
vt 0.81400 1.00000
vt 0.80872 1.00000
vt 0.80872 0.00000
vt 0.80027 0.00000
vt 0.80027 1.00000
vt 0.80419 1.00000
vt 0.80419 0.00000
vt 0.85182 0.00000
vt 0.85182 1.00000
vt 0.84619 1.00000
vt 0.84619 0.00000
vt 0.82066 0.00000
vt 0.82066 1.00000
vt 0.82505 1.00000
vt 0.82505 0.00000
vt 0.61213 0.00000
vt 0.61213 1.00000
vt 0.62253 1.00000
vt 0.62253 0.00000
vt 0.57940 0.00000
vt 0.57940 1.00000
vt 0.57002 1.00000
vt 0.57002 0.00000
vt 0.64061 0.00000
vt 0.64061 1.00000
vt 0.64854 1.00000
vt 0.64854 0.00000
vt 0.60550 0.00000
vt 0.60550 1.00000
vt 0.59711 1.00000
vt 0.59711 0.00000
vt 0.44917 0.00000
vt 0.44917 1.00000
vt 0.43928 1.00000
vt 0.43928 0.00000
vt 0.39347 0.00000
vt 0.39347 1.00000
vt 0.40494 1.00000
vt 0.40494 0.00000
vt 0.60062 0.00000
vt 0.60062 1.00000
vt 0.61213 1.00000
vt 0.61213 0.00000
vt 0.57002 -0.00000
vt 0.57002 1.00000
vt 0.56025 1.00000
vt 0.56025 -0.00000
vt 0.63198 0.00000
vt 0.63198 1.00000
vt 0.64061 1.00000
vt 0.64061 0.00000
vt 0.59711 0.00000
vt 0.59711 1.00000
vt 0.58843 1.00000
vt 0.58843 0.00000
vt 0.62253 0.00000
vt 0.62253 1.00000
vt 0.63198 1.00000
vt 0.63198 0.00000
vt 0.58843 0.00000
vt 0.58843 1.00000
vt 0.57940 1.00000
vt 0.57940 0.00000
vt 0.57366 0.00000
vt 0.57366 1.00000
vt 0.58785 1.00000
vt 0.58785 0.00000
vt 0.55007 0.00000
vt 0.55007 1.00000
vt 0.53947 1.00000
vt 0.53947 0.00000
vt 0.32371 0.00000
vt 0.32371 1.00000
vt 0.32962 1.00000
vt 0.32962 0.00000
vt 0.36459 0.00000
vt 0.36459 1.00000
vt 0.35730 1.00000
vt 0.35730 0.00000
vt 0.86963 0.00000
vt 0.86963 1.00000
vt 0.86351 1.00000
vt 0.86351 0.00000
vt 0.83426 0.00000
vt 0.83426 1.00000
vt 0.83912 1.00000
vt 0.83912 0.00000
vt 0.82988 0.00000
vt 0.82988 1.00000
vt 0.82456 1.00000
vt 0.82456 0.00000
vt 0.80818 0.00000
vt 0.80818 1.00000
vt 0.81224 1.00000
vt 0.81224 0.00000
vt 0.18717 0.00000
vt 0.18717 1.00000
vt 0.19066 1.00000
vt 0.19066 0.00000
vt 0.17130 0.00000
vt 0.17130 1.00000
vt 0.16628 1.00000
vt 0.16628 0.00000
vt 0.80872 0.00000
vt 0.80872 1.00000
vt 0.80343 1.00000
vt 0.80343 0.00000
vt 0.79641 0.00000
vt 0.79641 1.00000
vt 0.80027 1.00000
vt 0.80027 0.00000
vt 0.64854 0.00000
vt 0.64854 1.00000
vt 0.65590 1.00000
vt 0.65590 0.00000
vt 0.61362 -0.00000
vt 0.61362 1.00000
vt 0.60550 1.00000
vt 0.60550 -0.00000
vt 0.65134 0.00000
vt 0.65134 1.00000
vt 0.64407 1.00000
vt 0.64407 0.00000
vt 0.67540 0.00000
vt 0.67540 1.00000
vt 0.68128 1.00000
vt 0.68128 0.00000
vt 0.87370 0.00000
vt 0.87370 1.00000
vt 0.88070 1.00000
vt 0.88070 0.00000
vt 0.92075 0.00000
vt 0.92075 1.00000
vt 0.91229 1.00000
vt 0.91229 0.00000
vt 0.78737 0.00000
vt 0.78737 1.00000
vt 0.78193 1.00000
vt 0.78193 0.00000
vt 0.78137 0.00000
vt 0.78137 1.00000
vt 0.78508 1.00000
vt 0.78508 0.00000
vt 0.58785 0.00000
vt 0.58785 1.00000
vt 0.60062 1.00000
vt 0.60062 0.00000
vt 0.56025 0.00000
vt 0.56025 1.00000
vt 0.55007 1.00000
vt 0.55007 0.00000
vt 0.78193 0.00000
vt 0.78193 1.00000
vt 0.77643 1.00000
vt 0.77643 0.00000
vt 0.77767 0.00000
vt 0.77767 1.00000
vt 0.78137 1.00000
vt 0.78137 0.00000
vt 0.80343 0.00000
vt 0.80343 1.00000
vt 0.79812 1.00000
vt 0.79812 0.00000
vt 0.79259 0.00000
vt 0.79259 1.00000
vt 0.79641 1.00000
vt 0.79641 0.00000
vt 0.36483 0.00000
vt 0.36483 1.00000
vt 0.37354 1.00000
vt 0.37354 0.00000
vt 0.42068 0.00000
vt 0.42068 1.00000
vt 0.41190 1.00000
vt 0.41190 0.00000
vt 0.19411 0.00000
vt 0.19411 1.00000
vt 0.19751 1.00000
vt 0.19751 0.00000
vt 0.18671 0.00000
vt 0.18671 1.00000
vt 0.18150 1.00000
vt 0.18150 0.00000
vt 0.79812 0.00000
vt 0.79812 1.00000
vt 0.79277 1.00000
vt 0.79277 0.00000
vt 0.78882 0.00000
vt 0.78882 1.00000
vt 0.79259 1.00000
vt 0.79259 0.00000
vt 0.35679 0.00000
vt 0.35679 1.00000
vt 0.36483 1.00000
vt 0.36483 0.00000
vt 0.41190 -0.00000
vt 0.41190 1.00000
vt 0.40343 1.00000
vt 0.40343 -0.00000
vt 0.79277 0.00000
vt 0.79277 1.00000
vt 0.78737 1.00000
vt 0.78737 0.00000
vt 0.78508 0.00000
vt 0.78508 1.00000
vt 0.78882 1.00000
vt 0.78882 0.00000
vt 0.83912 0.00000
vt 0.83912 1.00000
vt 0.84419 1.00000
vt 0.84419 0.00000
vt 0.88257 0.00000
vt 0.88257 1.00000
vt 0.87597 1.00000
vt 0.87597 0.00000
vt 0.32962 0.00000
vt 0.32962 1.00000
vt 0.33582 1.00000
vt 0.33582 0.00000
vt 0.37200 0.00000
vt 0.37200 1.00000
vt 0.36459 1.00000
vt 0.36459 0.00000
vt 0.37354 0.00000
vt 0.37354 1.00000
vt 0.38305 1.00000
vt 0.38305 0.00000
vt 0.42979 0.00000
vt 0.42979 1.00000
vt 0.42068 1.00000
vt 0.42068 0.00000
vt 0.82456 0.00000
vt 0.82456 1.00000
vt 0.81928 1.00000
vt 0.81928 0.00000
vt 0.80419 0.00000
vt 0.80419 1.00000
vt 0.80818 1.00000
vt 0.80818 0.00000
vt 0.65590 0.00000
vt 0.65590 1.00000
vt 0.66278 1.00000
vt 0.66278 0.00000
vt 0.62151 0.00000
vt 0.62151 1.00000
vt 0.61362 1.00000
vt 0.61362 0.00000
vt 0.77087 0.00000
vt 0.77087 1.00000
vt 0.76526 1.00000
vt 0.76526 0.00000
vt 0.76665 0.00000
vt 0.76665 1.00000
vt 0.77032 1.00000
vt 0.77032 0.00000
vt 0.31805 0.00000
vt 0.31805 1.00000
vt 0.32371 1.00000
vt 0.32371 0.00000
vt 0.35730 0.00000
vt 0.35730 1.00000
vt 0.35010 1.00000
vt 0.35010 0.00000
vt 0.34933 0.00000
vt 0.34933 1.00000
vt 0.35679 1.00000
vt 0.35679 0.00000
vt 0.40343 0.00000
vt 0.40343 1.00000
vt 0.39524 1.00000
vt 0.39524 0.00000
vt 0.88070 0.00000
vt 0.88070 1.00000
vt 0.88818 1.00000
vt 0.88818 0.00000
vt 0.92969 0.00000
vt 0.92969 1.00000
vt 0.92075 1.00000
vt 0.92075 0.00000
vt 0.88818 0.00000
vt 0.88818 1.00000
vt 0.92969 1.00000
vt 0.92969 0.00000
vt 0.38305 0.00000
vt 0.38305 1.00000
vt 0.39347 1.00000
vt 0.39347 0.00000
vt 0.43928 0.00000
vt 0.43928 1.00000
vt 0.42979 1.00000
vt 0.42979 0.00000
vt 0.19066 0.00000
vt 0.19066 1.00000
vt 0.19411 1.00000
vt 0.19411 0.00000
vt 0.17637 0.00000
vt 0.17637 1.00000
vt 0.17130 1.00000
vt 0.17130 0.00000
vt 0.66926 0.00000
vt 0.66926 1.00000
vt 0.67540 1.00000
vt 0.67540 0.00000
vt 0.64407 0.00000
vt 0.64407 1.00000
vt 0.63670 1.00000
vt 0.63670 0.00000
vt 0.68128 0.00000
vt 0.68128 1.00000
vt 0.68695 1.00000
vt 0.68695 0.00000
vt 0.65852 0.00000
vt 0.65852 1.00000
vt 0.65134 1.00000
vt 0.65134 0.00000
vt 0.19751 0.00000
vt 0.19751 1.00000
vt 0.20088 1.00000
vt 0.20088 0.00000
vt 0.19200 -0.00000
vt 0.19200 1.00000
vt 0.18671 1.00000
vt 0.18671 -0.00000
vt 0.67988 0.00000
vt 0.67988 1.00000
vt 0.67277 1.00000
vt 0.67277 0.00000
vt 0.69245 0.00000
vt 0.69245 1.00000
vt 0.69783 1.00000
vt 0.69783 0.00000
vt 0.30208 0.00000
vt 0.30208 1.00000
vt 0.30727 1.00000
vt 0.30727 0.00000
vt 0.32880 0.00000
vt 0.32880 1.00000
vt 0.32172 1.00000
vt 0.32172 0.00000
vt 0.33582 0.00000
vt 0.33582 1.00000
vt 0.34237 1.00000
vt 0.34237 0.00000
vt 0.37956 0.00000
vt 0.37956 1.00000
vt 0.37200 1.00000
vt 0.37200 0.00000
vt 0.34237 0.00000
vt 0.34237 1.00000
vt 0.34933 1.00000
vt 0.34933 0.00000
vt 0.39524 0.00000
vt 0.39524 1.00000
vt 0.38729 1.00000
vt 0.38729 0.00000
vt 0.66278 0.00000
vt 0.66278 1.00000
vt 0.66926 1.00000
vt 0.66926 0.00000
vt 0.62919 0.00000
vt 0.62919 1.00000
vt 0.62151 1.00000
vt 0.62151 0.00000
vt 0.75932 0.00000
vt 0.75932 1.00000
vt 0.76299 1.00000
vt 0.76299 0.00000
vt 0.76526 0.00000
vt 0.76526 1.00000
vt 0.75960 1.00000
vt 0.75960 0.00000
vt 0.30727 0.00000
vt 0.30727 1.00000
vt 0.31258 1.00000
vt 0.31258 0.00000
vt 0.33588 0.00000
vt 0.33588 1.00000
vt 0.32880 1.00000
vt 0.32880 0.00000
vt 0.29699 0.00000
vt 0.29699 1.00000
vt 0.30208 1.00000
vt 0.30208 0.00000
vt 0.32172 0.00000
vt 0.32172 1.00000
vt 0.31460 1.00000
vt 0.31460 0.00000
vt 0.77643 0.00000
vt 0.77643 1.00000
vt 0.77087 1.00000
vt 0.77087 0.00000
vt 0.77032 0.00000
vt 0.77032 1.00000
vt 0.77399 1.00000
vt 0.77399 0.00000
vt 0.20088 0.00000
vt 0.20088 1.00000
vt 0.20424 1.00000
vt 0.20424 0.00000
vt 0.19741 0.00000
vt 0.19741 1.00000
vt 0.19200 1.00000
vt 0.19200 0.00000
vt 0.69783 0.00000
vt 0.69783 1.00000
vt 0.70313 1.00000
vt 0.70313 0.00000
vt 0.68702 0.00000
vt 0.68702 1.00000
vt 0.67988 1.00000
vt 0.67988 0.00000
vt 0.23484 0.00000
vt 0.23484 1.00000
vt 0.23840 1.00000
vt 0.23840 0.00000
vt 0.23930 0.00000
vt 0.23930 1.00000
vt 0.23280 1.00000
vt 0.23280 0.00000
vt 0.31258 0.00000
vt 0.31258 1.00000
vt 0.31805 1.00000
vt 0.31805 0.00000
vt 0.35010 0.00000
vt 0.35010 1.00000
vt 0.34297 1.00000
vt 0.34297 0.00000
vt 0.67277 0.00000
vt 0.67277 1.00000
vt 0.66566 1.00000
vt 0.66566 0.00000
vt 0.68695 0.00000
vt 0.68695 1.00000
vt 0.69245 1.00000
vt 0.69245 0.00000
vt 0.21092 0.00000
vt 0.21092 1.00000
vt 0.21427 1.00000
vt 0.21427 0.00000
vt 0.21439 0.00000
vt 0.21439 1.00000
vt 0.20859 1.00000
vt 0.20859 0.00000
vt 0.20424 0.00000
vt 0.20424 1.00000
vt 0.20758 1.00000
vt 0.20758 0.00000
vt 0.20293 -0.00000
vt 0.20293 1.00000
vt 0.19741 1.00000
vt 0.19741 -0.00000
vt 0.20758 0.00000
vt 0.20758 1.00000
vt 0.21092 1.00000
vt 0.21092 0.00000
vt 0.20859 0.00000
vt 0.20859 1.00000
vt 0.20293 1.00000
vt 0.20293 0.00000
vt 0.27013 0.00000
vt 0.27013 1.00000
vt 0.26226 1.00000
vt 0.26226 0.00000
vt 0.25651 0.00000
vt 0.25651 1.00000
vt 0.26175 1.00000
vt 0.26175 0.00000
vt 0.29196 0.00000
vt 0.29196 1.00000
vt 0.29699 1.00000
vt 0.29699 0.00000
vt 0.31460 0.00000
vt 0.31460 1.00000
vt 0.30744 1.00000
vt 0.30744 0.00000
vt 0.70313 0.00000
vt 0.70313 1.00000
vt 0.70838 1.00000
vt 0.70838 0.00000
vt 0.69422 0.00000
vt 0.69422 1.00000
vt 0.68702 1.00000
vt 0.68702 0.00000
vt 0.22101 0.00000
vt 0.22101 1.00000
vt 0.22441 1.00000
vt 0.22441 0.00000
vt 0.22649 0.00000
vt 0.22649 1.00000
vt 0.22036 1.00000
vt 0.22036 0.00000
vt 0.28697 0.00000
vt 0.28697 1.00000
vt 0.29196 1.00000
vt 0.29196 0.00000
vt 0.30744 0.00000
vt 0.30744 1.00000
vt 0.30020 1.00000
vt 0.30020 0.00000
vt 0.27197 0.00000
vt 0.27197 1.00000
vt 0.27699 1.00000
vt 0.27699 0.00000
vt 0.28542 0.00000
vt 0.28542 1.00000
vt 0.27785 1.00000
vt 0.27785 0.00000
vt 0.28198 0.00000
vt 0.28198 1.00000
vt 0.28697 1.00000
vt 0.28697 0.00000
vt 0.30020 0.00000
vt 0.30020 1.00000
vt 0.29286 1.00000
vt 0.29286 0.00000
vt 0.27699 0.00000
vt 0.27699 1.00000
vt 0.28198 1.00000
vt 0.28198 0.00000
vt 0.29286 0.00000
vt 0.29286 1.00000
vt 0.28542 1.00000
vt 0.28542 0.00000
vt 0.70838 0.00000
vt 0.70838 1.00000
vt 0.71361 1.00000
vt 0.71361 0.00000
vt 0.70150 0.00000
vt 0.70150 1.00000
vt 0.69422 1.00000
vt 0.69422 0.00000
vt 0.22441 0.00000
vt 0.22441 1.00000
vt 0.22785 1.00000
vt 0.22785 0.00000
vt 0.23280 0.00000
vt 0.23280 1.00000
vt 0.22649 1.00000
vt 0.22649 0.00000
vt 0.21763 0.00000
vt 0.21763 1.00000
vt 0.22101 1.00000
vt 0.22101 0.00000
vt 0.22036 0.00000
vt 0.22036 1.00000
vt 0.21439 1.00000
vt 0.21439 0.00000
vt 0.73491 0.00000
vt 0.73491 1.00000
vt 0.74046 1.00000
vt 0.74046 0.00000
vt 0.73990 0.00000
vt 0.73990 1.00000
vt 0.73188 1.00000
vt 0.73188 0.00000
vt 0.71361 0.00000
vt 0.71361 1.00000
vt 0.71885 1.00000
vt 0.71885 0.00000
vt 0.70888 0.00000
vt 0.70888 1.00000
vt 0.70150 1.00000
vt 0.70150 0.00000
vt 0.26690 0.00000
vt 0.26690 1.00000
vt 0.27197 1.00000
vt 0.27197 0.00000
vt 0.27785 0.00000
vt 0.27785 1.00000
vt 0.27013 1.00000
vt 0.27013 0.00000
vt 0.72948 0.00000
vt 0.72948 1.00000
vt 0.73491 1.00000
vt 0.73491 0.00000
vt 0.73188 0.00000
vt 0.73188 1.00000
vt 0.72405 1.00000
vt 0.72405 0.00000
vt 0.71885 0.00000
vt 0.71885 1.00000
vt 0.72413 1.00000
vt 0.72413 0.00000
vt 0.71639 0.00000
vt 0.71639 1.00000
vt 0.70888 1.00000
vt 0.70888 0.00000
vt 0.72413 0.00000
vt 0.72413 1.00000
vt 0.72948 1.00000
vt 0.72948 0.00000
vt 0.72405 0.00000
vt 0.72405 1.00000
vt 0.71639 1.00000
vt 0.71639 0.00000
vt 0.23132 0.00000
vt 0.23132 1.00000
vt 0.23484 1.00000
vt 0.23484 0.00000
vt 0.22785 0.00000
vt 0.22785 1.00000
vt 0.23132 1.00000
vt 0.23132 0.00000
vt 0.75021 0.00000
vt 0.75021 1.00000
vt 0.74069 1.00000
vt 0.74069 0.00000
vt 0.74074 0.00000
vt 0.74074 1.00000
vt 0.75027 1.00000
vt 0.75027 0.00000
vt 0.75974 0.00000
vt 0.75974 1.00000
vt 0.75021 1.00000
vt 0.75021 0.00000
vt 0.75027 0.00000
vt 0.75027 1.00000
vt 0.75974 1.00000
vt 0.75974 0.00000
vn 0.00000 -1.00000 -0.00000
vn 0.00000 -1.00000 -0.00000
vn 0.00000 -1.00000 -0.00000
vn 0.00000 -1.00000 -0.00000
vn 0.00000 -1.00000 -0.00000
vn 0.00000 -1.00000 -0.00000
vn 0.00000 -1.00000 -0.00000
vn 0.00000 -1.00000 -0.00000
vn 0.00000 -1.00000 -0.00000
vn 0.00000 -1.00000 -0.00000
vn 0.00000 -1.00000 -0.00000
vn 0.00000 -1.00000 -0.00000
vn 0.00000 -1.00000 -0.00000
vn 0.00000 -1.00000 -0.00000
vn 0.00000 -1.00000 -0.00000
vn 0.00000 -1.00000 -0.00000
vn 0.00000 -1.00000 -0.00000
vn 0.00000 -1.00000 -0.00000
vn 0.00000 -1.00000 -0.00000
vn 0.00000 -1.00000 -0.00000
vn 0.00000 -1.00000 -0.00000
vn 0.00000 -1.00000 -0.00000
vn 0.00000 -1.00000 -0.00000
vn 0.00000 -1.00000 -0.00000
vn 0.00000 -1.00000 -0.00000
vn 0.00000 -1.00000 -0.00000
vn 0.00000 -1.00000 -0.00000
vn 0.00000 -1.00000 -0.00000
vn 0.00000 -1.00000 -0.00000
vn 0.00000 -1.00000 -0.00000
vn 0.00000 -1.00000 -0.00000
vn 0.00000 -1.00000 -0.00000
vn 0.00000 -1.00000 -0.00000
vn 0.00000 -1.00000 -0.00000
vn 0.00000 -1.00000 -0.00000
vn 0.00000 -1.00000 -0.00000
vn 0.00000 -1.00000 -0.00000
vn 0.00000 -1.00000 -0.00000
vn 0.00000 -1.00000 -0.00000
vn 0.00000 -1.00000 -0.00000
vn 0.00000 -1.00000 -0.00000
vn 0.00000 -1.00000 -0.00000
vn 0.00000 -1.00000 -0.00000
vn 0.00000 -1.00000 -0.00000
vn 0.00000 -1.00000 -0.00000
vn 0.00000 -1.00000 -0.00000
vn 0.00000 -1.00000 -0.00000
vn 0.00000 -1.00000 -0.00000
vn 0.00000 -1.00000 -0.00000
vn 0.00000 -1.00000 -0.00000
vn 0.00000 -1.00000 -0.00000
vn 0.00000 -1.00000 -0.00000
vn 0.00000 -1.00000 -0.00000
vn 0.00000 -1.00000 -0.00000
vn 0.00000 -1.00000 -0.00000
vn 0.00000 -1.00000 -0.00000
vn 0.00000 -1.00000 -0.00000
vn 0.00000 -1.00000 -0.00000
vn 0.00000 -1.00000 -0.00000
vn 0.00000 -1.00000 -0.00000
vn 0.00000 -1.00000 -0.00000
vn 0.00000 -1.00000 -0.00000
vn 0.00000 -1.00000 -0.00000
vn 0.00000 -1.00000 -0.00000
vn 0.00000 -1.00000 -0.00000
vn 0.00000 -1.00000 -0.00000
vn 0.00000 -1.00000 -0.00000
vn 0.00000 -1.00000 -0.00000
vn 0.00000 -1.00000 -0.00000
vn 0.00000 -1.00000 -0.00000
vn 0.00000 -1.00000 -0.00000
vn 0.00000 -1.00000 -0.00000
vn 0.00000 -1.00000 -0.00000
vn 0.00000 -1.00000 -0.00000
vn 0.00000 -1.00000 -0.00000
vn 0.00000 -1.00000 -0.00000
vn 0.00000 -1.00000 -0.00000
vn 0.00000 -1.00000 -0.00000
vn 0.00000 -1.00000 -0.00000
vn 0.00000 -1.00000 -0.00000
vn 0.00000 -1.00000 -0.00000
vn 0.00000 -1.00000 -0.00000
vn 0.00000 -1.00000 -0.00000
vn 0.00000 -1.00000 -0.00000
vn 0.00000 -1.00000 -0.00000
vn 0.00000 -1.00000 -0.00000
vn 0.00000 -1.00000 -0.00000
vn 0.00000 -1.00000 -0.00000
vn 0.00000 -1.00000 -0.00000
vn 0.00000 -1.00000 -0.00000
vn 0.00000 -1.00000 -0.00000
vn 0.00000 -1.00000 -0.00000
vn 0.00000 -1.00000 -0.00000
vn 0.00000 -1.00000 -0.00000
vn 0.00000 -1.00000 -0.00000
vn 0.00000 -1.00000 -0.00000
vn 0.00000 -1.00000 -0.00000
vn 0.00000 -1.00000 -0.00000
vn 0.00000 -1.00000 -0.00000
vn 0.00000 -1.00000 -0.00000
vn 0.00000 -1.00000 -0.00000
vn 0.00000 -1.00000 -0.00000
vn 0.00000 -1.00000 -0.00000
vn 0.00000 -1.00000 -0.00000
vn 0.00000 -1.00000 -0.00000
vn 0.00000 -1.00000 -0.00000
vn 0.00000 -1.00000 -0.00000
vn 0.00000 -1.00000 -0.00000
vn 0.00000 -1.00000 -0.00000
vn 0.00000 -1.00000 -0.00000
vn 0.00000 -1.00000 -0.00000
vn 0.00000 -1.00000 -0.00000
vn 0.00000 -1.00000 -0.00000
vn 0.00000 -1.00000 -0.00000
vn 0.00000 -1.00000 -0.00000
vn 0.00000 -1.00000 -0.00000
vn 0.00000 -1.00000 -0.00000
vn 0.00000 -1.00000 -0.00000
vn 0.00000 -1.00000 -0.00000
vn 0.00000 -1.00000 -0.00000
vn 0.00000 -1.00000 -0.00000
vn 0.00000 -1.00000 -0.00000
vn 0.00000 -1.00000 -0.00000
vn 0.00000 -1.00000 -0.00000
vn 0.00000 -1.00000 -0.00000
vn 0.00000 -1.00000 -0.00000
vn 0.00000 -1.00000 -0.00000
vn 0.00000 -1.00000 -0.00000
vn 0.00000 -1.00000 -0.00000
vn 0.00000 -1.00000 -0.00000
vn 0.00000 -1.00000 -0.00000
vn 0.00000 -1.00000 -0.00000
vn 0.00000 -1.00000 -0.00000
vn 0.00000 -1.00000 -0.00000
vn 0.00000 -1.00000 -0.00000
vn 0.00000 -1.00000 -0.00000
vn 0.00000 -1.00000 -0.00000
vn 0.00000 -1.00000 -0.00000
vn 0.00000 -1.00000 -0.00000
vn 0.00000 -1.00000 -0.00000
vn 0.00000 -1.00000 -0.00000
vn 0.00000 -1.00000 -0.00000
vn 0.00000 -1.00000 -0.00000
vn 0.00000 -1.00000 -0.00000
vn 0.00000 -1.00000 -0.00000
vn 0.00000 -1.00000 -0.00000
vn 0.00000 -1.00000 -0.00000
vn 0.00000 -1.00000 -0.00000
vn 0.00000 -1.00000 -0.00000
vn 0.00000 -1.00000 -0.00000
vn 0.00000 -1.00000 -0.00000
vn 0.00000 -1.00000 -0.00000
vn 0.00000 -1.00000 -0.00000
vn 0.00000 -1.00000 -0.00000
vn 0.00000 -1.00000 -0.00000
vn 0.00000 -1.00000 -0.00000
vn 0.00000 -1.00000 -0.00000
vn 0.00000 -1.00000 -0.00000
vn 0.00000 -1.00000 -0.00000
vn 0.00000 -1.00000 -0.00000
vn 0.00000 -1.00000 -0.00000
vn 0.00000 -1.00000 -0.00000
vn 0.00000 -1.00000 -0.00000
vn 0.00000 -1.00000 -0.00000
vn 0.00000 -1.00000 -0.00000
vn 0.00000 -1.00000 -0.00000
vn 0.00000 -1.00000 -0.00000
vn 0.00000 -1.00000 -0.00000
vn 0.00000 -1.00000 -0.00000
vn 0.00000 -1.00000 -0.00000
vn 0.00000 -1.00000 -0.00000
vn 0.00000 -1.00000 -0.00000
vn 0.00000 -1.00000 -0.00000
vn 0.00000 -1.00000 -0.00000
vn 0.00000 -1.00000 -0.00000
vn 0.00000 -1.00000 -0.00000
vn 0.00000 -1.00000 -0.00000
vn 0.00000 -1.00000 -0.00000
vn 0.00000 -1.00000 -0.00000
vn 0.00000 -1.00000 -0.00000
vn 0.00000 -1.00000 -0.00000
vn 0.00000 -1.00000 -0.00000
vn 0.00000 -1.00000 -0.00000
vn 0.00000 -1.00000 -0.00000
vn 0.00000 -1.00000 -0.00000
vn 0.00000 -1.00000 -0.00000
vn 0.00000 -1.00000 -0.00000
vn 0.00000 -1.00000 -0.00000
vn 0.00000 -1.00000 -0.00000
vn 0.00000 -1.00000 -0.00000
vn 0.00000 -1.00000 -0.00000
vn 0.00000 -1.00000 -0.00000
vn 0.00000 -1.00000 -0.00000
vn 0.00000 -1.00000 -0.00000
vn 0.00000 -1.00000 -0.00000
vn 0.00000 -1.00000 -0.00000
vn 0.00000 -1.00000 -0.00000
vn 0.00000 -1.00000 -0.00000
vn 0.00000 -1.00000 -0.00000
vn 0.00000 -1.00000 -0.00000
vn 0.00000 -1.00000 -0.00000
vn 0.00000 -1.00000 -0.00000
vn 0.00000 -1.00000 -0.00000
vn 0.00000 -1.00000 -0.00000
vn 0.00000 -1.00000 -0.00000
vn 0.00000 -1.00000 -0.00000
vn 0.00000 -1.00000 -0.00000
vn 0.00000 -1.00000 -0.00000
vn 0.00000 -1.00000 -0.00000
vn 0.00000 -1.00000 -0.00000
vn 0.00000 -1.00000 -0.00000
vn 0.00000 -1.00000 -0.00000
vn 0.00000 -1.00000 -0.00000
vn 0.00000 -1.00000 -0.00000
vn 0.00000 -1.00000 -0.00000
vn 0.00000 -1.00000 -0.00000
vn 0.00000 -1.00000 -0.00000
vn 0.00000 -1.00000 -0.00000
vn 0.00000 -1.00000 -0.00000
vn 0.00000 -1.00000 -0.00000
vn 0.00000 -1.00000 -0.00000
vn 0.00000 -1.00000 -0.00000
vn 0.00000 -1.00000 -0.00000
vn 0.00000 -1.00000 -0.00000
vn 0.00000 -1.00000 -0.00000
vn 0.00000 -1.00000 -0.00000
vn 0.00000 -1.00000 -0.00000
vn 0.00000 -1.00000 -0.00000
vn 0.00000 -1.00000 -0.00000
vn 0.00000 -1.00000 -0.00000
vn 0.00000 -1.00000 -0.00000
vn 0.00000 -1.00000 -0.00000
vn 0.00000 -1.00000 -0.00000
vn 0.00000 -1.00000 -0.00000
vn 0.00000 -1.00000 -0.00000
vn 0.00000 -1.00000 -0.00000
vn 0.00000 -1.00000 -0.00000
vn 0.00000 -1.00000 -0.00000
vn 0.00000 -1.00000 -0.00000
vn 0.00000 -1.00000 -0.00000
vn 0.00000 -1.00000 -0.00000
vn 0.00000 -1.00000 -0.00000
vn 0.00000 -1.00000 -0.00000
vn 0.00000 -1.00000 -0.00000
vn 0.00000 -1.00000 -0.00000
vn 0.00000 -1.00000 -0.00000
vn 0.00000 -1.00000 -0.00000
vn 0.00000 -1.00000 -0.00000
vn 0.00000 -1.00000 -0.00000
vn 0.00000 -1.00000 -0.00000
vn 0.00000 -1.00000 -0.00000
vn 0.00000 -1.00000 -0.00000
vn 0.00000 -1.00000 -0.00000
vn 0.00000 -1.00000 -0.00000
vn 0.00000 -1.00000 -0.00000
vn 0.00000 -1.00000 -0.00000
vn 0.00000 -1.00000 -0.00000
vn 0.00000 -1.00000 -0.00000
vn 0.00000 -1.00000 -0.00000
vn 0.00000 -1.00000 -0.00000
vn 0.00000 -1.00000 -0.00000
vn 0.00000 -1.00000 -0.00000
vn 0.00000 -1.00000 -0.00000
vn 0.00000 -1.00000 -0.00000
vn 0.00000 -1.00000 -0.00000
vn 0.00000 -1.00000 -0.00000
vn 0.00000 -1.00000 -0.00000
vn 0.00000 -1.00000 -0.00000
vn 0.00000 -1.00000 -0.00000
vn 0.00000 -1.00000 -0.00000
vn 0.00000 -1.00000 -0.00000
vn 0.00000 -1.00000 -0.00000
vn 0.00000 -1.00000 -0.00000
vn 0.00000 -1.00000 -0.00000
vn 0.00000 -1.00000 -0.00000
vn 0.00000 -1.00000 -0.00000
vn 0.00000 -1.00000 -0.00000
vn 0.00000 -1.00000 -0.00000
vn 0.00000 -1.00000 -0.00000
vn 0.00000 -1.00000 -0.00000
vn 0.00000 -1.00000 -0.00000
vn 0.00000 -1.00000 -0.00000
vn 0.00000 -1.00000 -0.00000
vn 0.00000 -1.00000 -0.00000
vn 0.00000 -1.00000 -0.00000
vn 0.00000 -1.00000 -0.00000
vn 0.00000 -1.00000 -0.00000
vn 0.00000 -1.00000 -0.00000
vn 0.00000 -1.00000 -0.00000
vn 0.00000 -1.00000 -0.00000
vn 0.00000 -1.00000 -0.00000
vn 0.00000 -1.00000 -0.00000
vn 0.00000 -1.00000 -0.00000
vn 0.00000 -1.00000 -0.00000
vn 0.00000 -1.00000 -0.00000
vn 0.00000 -1.00000 -0.00000
vn 0.00000 -1.00000 -0.00000
vn 0.00000 -1.00000 -0.00000
vn 0.00000 -1.00000 -0.00000
vn 0.00000 -1.00000 -0.00000
vn 0.00000 -1.00000 -0.00000
vn 0.00000 -1.00000 -0.00000
vn 0.00000 -1.00000 -0.00000
vn 0.00000 -1.00000 -0.00000
vn 0.00000 -1.00000 -0.00000
vn 0.00000 -1.00000 -0.00000
vn 0.00000 -1.00000 -0.00000
vn 0.00000 -1.00000 -0.00000
vn 0.00000 -1.00000 -0.00000
vn 0.00000 -1.00000 -0.00000
vn 0.00000 -1.00000 -0.00000
vn 0.00000 -1.00000 -0.00000
vn 0.00000 -1.00000 -0.00000
vn 0.00000 -1.00000 -0.00000
vn 0.00000 -1.00000 -0.00000
vn 0.00000 -1.00000 -0.00000
vn 0.00000 -1.00000 -0.00000
vn 0.00000 -1.00000 -0.00000
vn 0.00000 -1.00000 -0.00000
vn 0.00000 -1.00000 -0.00000
vn 0.00000 -1.00000 -0.00000
vn 0.00000 -1.00000 -0.00000
vn 0.00000 -1.00000 -0.00000
vn 0.00000 -1.00000 -0.00000
vn 0.00000 -1.00000 -0.00000
vn 0.00000 -1.00000 -0.00000
vn 0.00000 -1.00000 -0.00000
vn 0.00000 -1.00000 -0.00000
vn 0.00000 -1.00000 -0.00000
vn 0.00000 -1.00000 -0.00000
vn 0.00000 -1.00000 -0.00000
vn 0.00000 -1.00000 -0.00000
vn 0.00000 -1.00000 -0.00000
vn 0.00000 -1.00000 -0.00000
vn 0.00000 -1.00000 -0.00000
vn 0.00000 -1.00000 -0.00000
vn 0.00000 -1.00000 -0.00000
vn 0.00000 -1.00000 -0.00000
vn 0.00000 -1.00000 -0.00000
vn 0.00000 -1.00000 -0.00000
vn 0.00000 -1.00000 -0.00000
vn 0.00000 -1.00000 -0.00000
vn 0.00000 -1.00000 -0.00000
vn 0.00000 -1.00000 -0.00000
vn 0.00000 -1.00000 -0.00000
vn 0.00000 -1.00000 -0.00000
vn 0.00000 -1.00000 -0.00000
vn 0.00000 -1.00000 -0.00000
vn 0.00000 -1.00000 -0.00000
vn 0.00000 -1.00000 -0.00000
vn 0.00000 -1.00000 -0.00000
vn 0.00000 -1.00000 -0.00000
vn 0.00000 -1.00000 -0.00000
vn 0.00000 -1.00000 -0.00000
vn 0.00000 -1.00000 -0.00000
vn 0.00000 -1.00000 -0.00000
vn 0.00000 -1.00000 -0.00000
vn 0.00000 -1.00000 -0.00000
vn 0.00000 -1.00000 -0.00000
vn 0.00000 -1.00000 -0.00000
vn 0.00000 -1.00000 -0.00000
vn 0.00000 -1.00000 -0.00000
vn 0.00000 -1.00000 -0.00000
vn 0.00000 -1.00000 -0.00000
vn 0.00000 -1.00000 -0.00000
vn 0.00000 -1.00000 -0.00000
vn 0.00000 -1.00000 -0.00000
vn 0.00000 -1.00000 -0.00000
vn 0.00000 -1.00000 -0.00000
vn 0.00000 -1.00000 -0.00000
vn 0.00000 -1.00000 -0.00000
vn 0.00000 -1.00000 -0.00000
vn 0.00000 -1.00000 -0.00000
vn 0.00000 -1.00000 -0.00000
vn 0.00000 -1.00000 -0.00000
vn 0.00000 -1.00000 -0.00000
vn 0.00000 -1.00000 -0.00000
vn 0.00000 -1.00000 -0.00000
vn 0.00000 -1.00000 -0.00000
vn 0.00000 -1.00000 -0.00000
vn 0.00000 -1.00000 -0.00000
vn 0.00000 -1.00000 -0.00000
vn 0.00000 -1.00000 -0.00000
vn 0.00000 -1.00000 -0.00000
vn 0.00000 -1.00000 -0.00000
vn 0.00000 -1.00000 -0.00000
vn 0.00000 -1.00000 -0.00000
vn 0.00000 -1.00000 -0.00000
vn 0.00000 -1.00000 -0.00000
vn 0.00000 -1.00000 -0.00000
vn 0.00000 -1.00000 -0.00000
vn 0.00000 -1.00000 -0.00000
vn 0.00000 -1.00000 -0.00000
vn 0.00000 -1.00000 -0.00000
vn 0.00000 -1.00000 -0.00000
vn 0.00000 -1.00000 -0.00000
vn 0.00000 -1.00000 -0.00000
vn 0.00000 -1.00000 -0.00000
vn 0.00000 -1.00000 -0.00000
vn 0.00000 -1.00000 -0.00000
vn 0.00000 -1.00000 -0.00000
vn 0.00000 -1.00000 -0.00000
vn 0.00000 -1.00000 -0.00000
vn 0.00000 -1.00000 -0.00000
vn 0.00000 -1.00000 -0.00000
vn 0.00000 -1.00000 -0.00000
vn 0.00000 -1.00000 -0.00000
vn 0.00000 -1.00000 -0.00000
vn 0.00000 -1.00000 -0.00000
vn 0.00000 -1.00000 -0.00000
vn 0.00000 -1.00000 -0.00000
vn 0.00000 -1.00000 -0.00000
vn 0.00000 -1.00000 -0.00000
vn 0.00000 -1.00000 -0.00000
vn 0.00000 -1.00000 -0.00000
vn 0.00000 -1.00000 -0.00000
vn 0.00000 -1.00000 -0.00000
vn 0.00000 -1.00000 -0.00000
vn 0.00000 -1.00000 -0.00000
vn 0.00000 -1.00000 -0.00000
vn 0.00000 -1.00000 -0.00000
vn 0.00000 -1.00000 -0.00000
vn 0.00000 -1.00000 -0.00000
vn 0.00000 -1.00000 -0.00000
vn 0.00000 -1.00000 -0.00000
vn 0.00000 -1.00000 -0.00000
vn 0.00000 -1.00000 -0.00000
vn 0.00000 -1.00000 -0.00000
vn 0.00000 -1.00000 -0.00000
vn 0.00000 -1.00000 -0.00000
vn 0.00000 -1.00000 -0.00000
vn 0.00000 -1.00000 -0.00000
vn 0.00000 -1.00000 -0.00000
vn 0.00000 -1.00000 -0.00000
vn 0.00000 -1.00000 -0.00000
vn 0.00000 -1.00000 -0.00000
vn 0.00000 -1.00000 -0.00000
vn 0.00000 -1.00000 -0.00000
vn 0.00000 -1.00000 -0.00000
vn 0.00000 -1.00000 -0.00000
vn 0.00000 -1.00000 -0.00000
vn 0.00000 -1.00000 -0.00000
vn 0.00000 -1.00000 -0.00000
vn 0.00000 -1.00000 -0.00000
vn 0.00000 -1.00000 -0.00000
vn 0.00000 -1.00000 -0.00000
vn 0.00000 -1.00000 -0.00000
vn 0.00000 -1.00000 -0.00000
vn 0.00000 -1.00000 -0.00000
vn 0.00000 -1.00000 -0.00000
vn 0.00000 -1.00000 -0.00000
vn 0.00000 -1.00000 -0.00000
vn 0.00000 -1.00000 -0.00000
vn 0.00000 -1.00000 -0.00000
vn 0.00000 -1.00000 -0.00000
vn 0.00000 -1.00000 -0.00000
vn 0.00000 -1.00000 -0.00000
vn 0.00000 -1.00000 -0.00000
vn 0.00000 -1.00000 -0.00000
vn 0.00000 -1.00000 -0.00000
vn 0.00000 -1.00000 -0.00000
vn 0.00000 -1.00000 -0.00000
vn 0.00000 -1.00000 -0.00000
vn 0.00000 -1.00000 -0.00000
vn 0.00000 -1.00000 -0.00000
vn 0.00000 -1.00000 -0.00000
vn 0.00000 -1.00000 -0.00000
vn 0.00000 -1.00000 -0.00000
vn 0.00000 -1.00000 -0.00000
vn 0.00000 -1.00000 -0.00000
vn 0.00000 -1.00000 -0.00000
vn 0.00000 -1.00000 -0.00000
vn 0.00000 -1.00000 -0.00000
vn 0.00000 -1.00000 -0.00000
vn 0.00000 -1.00000 -0.00000
vn 0.00000 -1.00000 -0.00000
vn 0.00000 -1.00000 -0.00000
vn 0.00000 -1.00000 -0.00000
vn 0.00000 -1.00000 -0.00000
vn 0.00000 -1.00000 -0.00000
vn 0.00000 -1.00000 -0.00000
vn 0.00000 -1.00000 -0.00000
vn 0.00000 -1.00000 -0.00000
vn 0.00000 -1.00000 -0.00000
vn 0.00000 -1.00000 -0.00000
vn 0.00000 -1.00000 -0.00000
vn 0.00000 -1.00000 -0.00000
vn 0.00000 -1.00000 -0.00000
vn 0.00000 -1.00000 -0.00000
vn 0.00000 -1.00000 -0.00000
vn 0.00000 -1.00000 -0.00000
vn 0.00000 -1.00000 -0.00000
vn 0.00000 -1.00000 -0.00000
vn 0.00000 -1.00000 -0.00000
vn 0.00000 -1.00000 -0.00000
vn 0.00000 -1.00000 -0.00000
vn 0.00000 -1.00000 -0.00000
vn 0.00000 -1.00000 -0.00000
vn 0.00000 -1.00000 -0.00000
vn 0.00000 -1.00000 -0.00000
vn 0.00000 -1.00000 -0.00000
vn 0.00000 -1.00000 -0.00000
vn 0.00000 -1.00000 -0.00000
vn 0.00000 -1.00000 -0.00000
vn 0.00000 -1.00000 -0.00000
vn 0.00000 -1.00000 -0.00000
vn 0.00000 -1.00000 -0.00000
vn 0.00000 -1.00000 -0.00000
vn 0.00000 -1.00000 -0.00000
vn 0.00000 -1.00000 -0.00000
vn 0.00000 -1.00000 -0.00000
vn 0.00000 -1.00000 -0.00000
vn 0.00000 -1.00000 -0.00000
vn 0.00000 -1.00000 -0.00000
vn 0.00000 -1.00000 -0.00000
vn 0.00000 -1.00000 -0.00000
vn 0.00000 -1.00000 -0.00000
vn 0.00000 -1.00000 -0.00000
vn 0.00000 -1.00000 -0.00000
vn 0.00000 -1.00000 -0.00000
vn 0.00000 -1.00000 -0.00000
vn 0.00000 -1.00000 -0.00000
vn 0.00000 -1.00000 -0.00000
vn 0.00000 -1.00000 -0.00000
vn 0.00000 -1.00000 -0.00000
vn 0.00000 -1.00000 -0.00000
vn 0.00000 -1.00000 -0.00000
vn 0.00000 -1.00000 -0.00000
vn 0.00000 -1.00000 -0.00000
vn 0.00000 -1.00000 -0.00000
vn 0.00000 -1.00000 -0.00000
vn 0.00000 -1.00000 -0.00000
vn 0.00000 -1.00000 -0.00000
vn 0.00000 -1.00000 -0.00000
vn 0.00000 -1.00000 -0.00000
vn 0.00000 -1.00000 -0.00000
vn 0.00000 -1.00000 -0.00000
vn 0.00000 -1.00000 -0.00000
vn 0.00000 -1.00000 -0.00000
vn 0.00000 -1.00000 -0.00000
vn 0.00000 -1.00000 -0.00000
vn 0.00000 -1.00000 -0.00000
vn 0.00000 -1.00000 -0.00000
vn 0.00000 -1.00000 -0.00000
vn 0.00000 -1.00000 -0.00000
vn 0.00000 -1.00000 -0.00000
vn 0.00000 -1.00000 -0.00000
vn 0.00000 -1.00000 -0.00000
vn 0.00000 -1.00000 -0.00000
vn 0.00000 -1.00000 -0.00000
vn 0.00000 -1.00000 -0.00000
vn 0.00000 -1.00000 -0.00000
vn 0.00000 -1.00000 -0.00000
vn 0.00000 -1.00000 -0.00000
vn 0.00000 -1.00000 -0.00000
vn 0.00000 -1.00000 -0.00000
vn 0.00000 -1.00000 -0.00000
vn 0.00000 -1.00000 -0.00000
vn 0.00000 -1.00000 -0.00000
vn 0.00000 -1.00000 -0.00000
vn 0.00000 -1.00000 -0.00000
vn 0.00000 -1.00000 -0.00000
vn 0.00000 -1.00000 -0.00000
vn 0.00000 -1.00000 -0.00000
vn 0.00000 -1.00000 -0.00000
vn 0.00000 -1.00000 -0.00000
vn 0.00000 -1.00000 -0.00000
vn 0.00000 -1.00000 -0.00000
vn 0.00000 -1.00000 -0.00000
vn 0.00000 -1.00000 -0.00000
vn 0.00000 -1.00000 -0.00000
vn 0.00000 -1.00000 -0.00000
vn 0.00000 -1.00000 -0.00000
vn 0.00000 -1.00000 -0.00000
vn 0.00000 -1.00000 -0.00000
vn 0.00000 -1.00000 -0.00000
vn 0.00000 -1.00000 -0.00000
vn 0.00000 -1.00000 -0.00000
vn 0.00000 -1.00000 -0.00000
vn 0.00000 -1.00000 -0.00000
vn 0.00000 -1.00000 -0.00000
vn 0.00000 -1.00000 -0.00000
vn 0.00000 -1.00000 -0.00000
vn 0.00000 -1.00000 -0.00000
vn 0.00000 -1.00000 -0.00000
vn 0.00000 -1.00000 -0.00000
vn 0.00000 -1.00000 -0.00000
vn 0.00000 -1.00000 -0.00000
vn 0.00000 -1.00000 -0.00000
vn 0.00000 -1.00000 -0.00000
vn 0.00000 -1.00000 -0.00000
vn 0.00000 -1.00000 -0.00000
vn 0.00000 -1.00000 -0.00000
vn 0.00000 -1.00000 -0.00000
vn 0.00000 -1.00000 -0.00000
vn 0.00000 -1.00000 -0.00000
vn 0.00000 -1.00000 -0.00000
vn 0.00000 -1.00000 -0.00000
vn 0.00000 -1.00000 -0.00000
vn 0.00000 -1.00000 -0.00000
vn 0.00000 -1.00000 -0.00000
vn 0.00000 -1.00000 -0.00000
vn 0.00000 -1.00000 -0.00000
vn 0.00000 -1.00000 -0.00000
vn 0.00000 -1.00000 -0.00000
vn 0.00000 -1.00000 -0.00000
vn 0.00000 -1.00000 -0.00000
vn 0.00000 -1.00000 -0.00000
vn 0.00000 -1.00000 -0.00000
vn 0.00000 -1.00000 -0.00000
vn 0.00000 -1.00000 -0.00000
vn 0.00000 -1.00000 -0.00000
vn 0.00000 -1.00000 -0.00000
vn 0.00000 -1.00000 -0.00000
vn 0.00000 -1.00000 -0.00000
vn 0.00000 -1.00000 -0.00000
vn 0.00000 -1.00000 -0.00000
vn 0.00000 -1.00000 -0.00000
vn 0.00000 -1.00000 -0.00000
vn 0.00000 -1.00000 -0.00000
vn 0.00000 -1.00000 -0.00000
vn 0.00000 -1.00000 -0.00000
vn 0.00000 -1.00000 -0.00000
vn 0.00000 -1.00000 -0.00000
vn 0.00000 -1.00000 -0.00000
vn 0.00000 -1.00000 -0.00000
vn 0.00000 -1.00000 -0.00000
vn 0.00000 -1.00000 -0.00000
vn 0.00000 -1.00000 -0.00000
vn 0.00000 -1.00000 -0.00000
vn 0.00000 -1.00000 -0.00000
vn 0.00000 -1.00000 -0.00000
vn 0.00000 -1.00000 -0.00000
vn 0.00000 -1.00000 -0.00000
vn 0.00000 -1.00000 -0.00000
vn 0.00000 -1.00000 -0.00000
vn 0.00000 -1.00000 -0.00000
vn 0.00000 -1.00000 -0.00000
vn 0.00000 -1.00000 -0.00000
vn 0.00000 -1.00000 -0.00000
vn 0.00000 -1.00000 -0.00000
vn 0.00000 -1.00000 -0.00000
vn 0.00000 -1.00000 -0.00000
vn 0.00000 -1.00000 -0.00000
vn 0.00000 -1.00000 -0.00000
vn 0.00000 -1.00000 -0.00000
vn 0.00000 -1.00000 -0.00000
vn 0.00000 -1.00000 -0.00000
vn 0.00000 -1.00000 -0.00000
vn 0.00000 -1.00000 -0.00000
vn 0.00000 -1.00000 -0.00000
vn 0.00000 -1.00000 -0.00000
vn 0.00000 -1.00000 -0.00000
vn 0.00000 -1.00000 -0.00000
vn 0.00000 -1.00000 -0.00000
vn 0.00000 -1.00000 -0.00000
vn 0.00000 -1.00000 -0.00000
vn 0.00000 -1.00000 -0.00000
vn 0.00000 -1.00000 -0.00000
vn 0.00000 -1.00000 -0.00000
vn 0.00000 -1.00000 -0.00000
vn 0.00000 -1.00000 -0.00000
vn 0.00000 -1.00000 -0.00000
vn 0.00000 -1.00000 -0.00000
vn 0.00000 -1.00000 -0.00000
vn 0.00000 -1.00000 -0.00000
vn 0.00000 -1.00000 -0.00000
vn 0.00000 -1.00000 -0.00000
vn 0.00000 -1.00000 -0.00000
vn 0.00000 -1.00000 -0.00000
vn 0.00000 -1.00000 -0.00000
vn 0.00000 -1.00000 -0.00000
vn 0.00000 -1.00000 -0.00000
vn 0.00000 -1.00000 -0.00000
vn 0.00000 -1.00000 -0.00000
vn 0.00000 -1.00000 -0.00000
vn 0.00000 -1.00000 -0.00000
vn 0.00000 -1.00000 -0.00000
vn 0.00000 -1.00000 -0.00000
vn 0.00000 -1.00000 -0.00000
vn 0.00000 -1.00000 -0.00000
vn 0.00000 -1.00000 -0.00000
vn 0.00000 -1.00000 -0.00000
vn 0.00000 -1.00000 -0.00000
vn 0.00000 -1.00000 -0.00000
vn 0.00000 -1.00000 -0.00000
vn 0.00000 -1.00000 -0.00000
vn 0.00000 -1.00000 -0.00000
vn 0.00000 -1.00000 -0.00000
vn 0.00000 -1.00000 -0.00000
vn 0.00000 -1.00000 -0.00000
vn 0.00000 -1.00000 -0.00000
vn 0.00000 -1.00000 -0.00000
vn 0.00000 -1.00000 -0.00000
vn 0.00000 -1.00000 -0.00000
vn 0.00000 -1.00000 -0.00000
vn 0.00000 -1.00000 -0.00000
vn 0.00000 -1.00000 -0.00000
vn 0.00000 -1.00000 -0.00000
vn 0.00000 -1.00000 -0.00000
vn 0.00000 -1.00000 -0.00000
vn 0.00000 -1.00000 -0.00000
vn 0.00000 -1.00000 -0.00000
vn 0.00000 -1.00000 -0.00000
vn 0.00000 -1.00000 -0.00000
vn 0.00000 -1.00000 -0.00000
vn 0.00000 -1.00000 -0.00000
vn 0.00000 -1.00000 -0.00000
vn 0.00000 -1.00000 -0.00000
vn 0.00000 -1.00000 -0.00000
vn 0.00000 -1.00000 -0.00000
vn 0.00000 -1.00000 -0.00000
vn 0.00000 -1.00000 -0.00000
vn 0.00000 -1.00000 -0.00000
vn 0.00000 -1.00000 -0.00000
vn 0.00000 -1.00000 -0.00000
vn 0.00000 -1.00000 -0.00000
vn 0.00000 -1.00000 -0.00000
vn 0.00000 -1.00000 -0.00000
vn 0.00000 -1.00000 -0.00000
vn 0.00000 -1.00000 -0.00000
vn 0.00000 -1.00000 -0.00000
vn 0.00000 -1.00000 -0.00000
vn 0.00000 -1.00000 -0.00000
vn 0.00000 -1.00000 -0.00000
vn 0.00000 -1.00000 -0.00000
vn 0.00000 -1.00000 -0.00000
vn 0.00000 -1.00000 -0.00000
vn 0.00000 -1.00000 -0.00000
vn 0.00000 -1.00000 -0.00000
vn 0.00000 -1.00000 -0.00000
vn 0.00000 -1.00000 -0.00000
vn 0.00000 -1.00000 -0.00000
vn 0.00000 -1.00000 -0.00000
vn 0.00000 -1.00000 -0.00000
vn 0.00000 -1.00000 -0.00000
vn 0.00000 -1.00000 -0.00000
vn 0.00000 -1.00000 -0.00000
vn 0.00000 -1.00000 -0.00000
vn 0.00000 -1.00000 -0.00000
vn 0.00000 -1.00000 -0.00000
vn 0.00000 -1.00000 -0.00000
vn 0.00000 -1.00000 -0.00000
vn 0.00000 -1.00000 -0.00000
vn 0.00000 -1.00000 -0.00000
vn 0.00000 -1.00000 -0.00000
vn 0.00000 -1.00000 -0.00000
vn 0.00000 -1.00000 -0.00000
vn 0.00000 -1.00000 -0.00000
vn 0.00000 -1.00000 -0.00000
vn 0.00000 -1.00000 -0.00000
vn 0.00000 -1.00000 -0.00000
vn 0.00000 -1.00000 -0.00000
vn 0.00000 -1.00000 -0.00000
vn 0.00000 -1.00000 -0.00000
vn 0.00000 -1.00000 -0.00000
vn 0.00000 -1.00000 -0.00000
vn 0.00000 -1.00000 -0.00000
vn 0.00000 -1.00000 -0.00000
vn 0.00000 -1.00000 -0.00000
vn 0.00000 -1.00000 -0.00000
vn 0.00000 -1.00000 -0.00000
vn 0.00000 -1.00000 -0.00000
vn 0.00000 -1.00000 -0.00000
vn 0.00000 -1.00000 -0.00000
vn 0.00000 -1.00000 -0.00000
vn 0.00000 -1.00000 -0.00000
vn 0.00000 -1.00000 -0.00000
vn 0.00000 -1.00000 -0.00000
vn 0.00000 -1.00000 -0.00000
vn 0.00000 -1.00000 -0.00000
vn 0.00000 -1.00000 -0.00000
vn 0.00000 -1.00000 -0.00000
vn 0.00000 -1.00000 -0.00000
vn 0.00000 -1.00000 -0.00000
vn 0.00000 -1.00000 -0.00000
vn 0.00000 -1.00000 -0.00000
vn 0.00000 -1.00000 -0.00000
vn 0.00000 -1.00000 -0.00000
vn 0.00000 -1.00000 -0.00000
vn 0.00000 -1.00000 -0.00000
vn 0.00000 -1.00000 -0.00000
vn 0.00000 -1.00000 -0.00000
vn 0.00000 -1.00000 -0.00000
vn 0.00000 -1.00000 -0.00000
vn 0.00000 -1.00000 -0.00000
vn 0.00000 -1.00000 -0.00000
vn 0.00000 -1.00000 -0.00000
vn 0.00000 -1.00000 -0.00000
vn 0.00000 -1.00000 -0.00000
vn 0.00000 -1.00000 -0.00000
vn 0.00000 -1.00000 -0.00000
vn 0.00000 -1.00000 -0.00000
vn 0.00000 -1.00000 -0.00000
vn 0.00000 -1.00000 -0.00000
vn 0.00000 -1.00000 -0.00000
vn 0.00000 -1.00000 -0.00000
vn 0.00000 -1.00000 -0.00000
vn 0.00000 -1.00000 -0.00000
vn 0.00000 -1.00000 -0.00000
vn 0.00000 -1.00000 -0.00000
vn 0.00000 -1.00000 -0.00000
vn 0.00000 -1.00000 -0.00000
vn 0.00000 -1.00000 -0.00000
vn 0.00000 -1.00000 -0.00000
vn 0.00000 -1.00000 -0.00000
vn 0.00000 -1.00000 -0.00000
vn 0.00000 -1.00000 -0.00000
vn 0.00000 -1.00000 -0.00000
vn 0.00000 -1.00000 -0.00000
vn 0.00000 -1.00000 -0.00000
vn 0.00000 -1.00000 -0.00000
vn 0.00000 -1.00000 -0.00000
vn 0.00000 -1.00000 -0.00000
vn 0.00000 -1.00000 -0.00000
vn 0.00000 -1.00000 -0.00000
vn 0.00000 -1.00000 -0.00000
vn 0.00000 -1.00000 -0.00000
vn 0.00000 -1.00000 -0.00000
vn 0.00000 -1.00000 -0.00000
vn 0.00000 -1.00000 -0.00000
vn 0.00000 -1.00000 -0.00000
vn 0.00000 -1.00000 -0.00000
vn 0.00000 -1.00000 -0.00000
vn 0.00000 -1.00000 -0.00000
vn 0.00000 -1.00000 -0.00000
vn 0.00000 -1.00000 -0.00000
vn 0.00000 -1.00000 -0.00000
vn 0.00000 -1.00000 -0.00000
vn 0.00000 -1.00000 -0.00000
vn 0.00000 -1.00000 -0.00000
vn 0.00000 -1.00000 -0.00000
vn 0.00000 -1.00000 -0.00000
vn 0.00000 -1.00000 -0.00000
vn 0.00000 -1.00000 -0.00000
vn 0.00000 -1.00000 -0.00000
vn 0.00000 -1.00000 -0.00000
vn 0.00000 -1.00000 -0.00000
vn 0.00000 -1.00000 -0.00000
vn 0.00000 -1.00000 -0.00000
vn 0.00000 -1.00000 -0.00000
vn 0.00000 -1.00000 -0.00000
vn 0.00000 -1.00000 -0.00000
vn 0.00000 -1.00000 -0.00000
vn 0.00000 -1.00000 -0.00000
vn 0.00000 -1.00000 -0.00000
vn 0.00000 -1.00000 -0.00000
vn 0.00000 -1.00000 -0.00000
vn 0.00000 -1.00000 -0.00000
vn 0.00000 -1.00000 -0.00000
vn 0.00000 -1.00000 -0.00000
vn 0.00000 -1.00000 -0.00000
vn 0.00000 -1.00000 -0.00000
vn 0.00000 -1.00000 -0.00000
vn 0.00000 -1.00000 -0.00000
vn 0.00000 -1.00000 -0.00000
vn 0.00000 -1.00000 -0.00000
vn 0.00000 -1.00000 -0.00000
vn 0.00000 -1.00000 -0.00000
vn 0.00000 -1.00000 -0.00000
vn 0.00000 -1.00000 -0.00000
vn 0.00000 -1.00000 -0.00000
vn 0.00000 -1.00000 -0.00000
vn 0.00000 -1.00000 -0.00000
vn 0.00000 -1.00000 -0.00000
vn 0.00000 -1.00000 -0.00000
vn 0.00000 -1.00000 -0.00000
vn 0.00000 -1.00000 -0.00000
vn 0.00000 -1.00000 -0.00000
vn 0.00000 -1.00000 -0.00000
vn 0.00000 -1.00000 -0.00000
vn 0.00000 -1.00000 -0.00000
vn 0.00000 -1.00000 -0.00000
vn 0.00000 -1.00000 -0.00000
vn 0.00000 -1.00000 -0.00000
vn 0.00000 -1.00000 -0.00000
vn 0.00000 -1.00000 -0.00000
vn 0.00000 -1.00000 -0.00000
vn 0.00000 -1.00000 -0.00000
vn 0.00000 -1.00000 -0.00000
vn 0.00000 -1.00000 -0.00000
vn 0.00000 -1.00000 -0.00000
vn 0.00000 -1.00000 -0.00000
vn 0.00000 -1.00000 -0.00000
vn 0.00000 -1.00000 -0.00000
vn 0.00000 -1.00000 -0.00000
vn 0.00000 -1.00000 -0.00000
vn 0.00000 -1.00000 -0.00000
vn 0.00000 -1.00000 -0.00000
vn 0.00000 -1.00000 -0.00000
vn 0.00000 -1.00000 -0.00000
vn 0.00000 -1.00000 -0.00000
vn 0.00000 -1.00000 -0.00000
vn 0.00000 -1.00000 -0.00000
vn 0.00000 -1.00000 -0.00000
vn 0.00000 -1.00000 -0.00000
vn 0.00000 -1.00000 -0.00000
vn 0.00000 -1.00000 -0.00000
vn 0.00000 -1.00000 -0.00000
vn 0.00000 -1.00000 -0.00000
vn 0.00000 -1.00000 -0.00000
vn 0.00000 -1.00000 -0.00000
vn 0.00000 -1.00000 -0.00000
vn 0.00000 -1.00000 -0.00000
vn 0.00000 -1.00000 -0.00000
vn 0.00000 -1.00000 -0.00000
vn 0.00000 -1.00000 -0.00000
vn 0.00000 -1.00000 -0.00000
vn 0.00000 -1.00000 -0.00000
vn 0.00000 -1.00000 -0.00000
vn 0.00000 -1.00000 -0.00000
vn 0.00000 -1.00000 -0.00000
vn 0.00000 -1.00000 -0.00000
vn 0.00000 -1.00000 -0.00000
vn 0.00000 -1.00000 -0.00000
vn 0.00000 -1.00000 -0.00000
vn 0.00000 -1.00000 -0.00000
vn 0.00000 -1.00000 -0.00000
vn 0.00000 -1.00000 -0.00000
vn 0.00000 -1.00000 -0.00000
vn 0.00000 -1.00000 -0.00000
vn 0.00000 -1.00000 -0.00000
vn 0.00000 -1.00000 -0.00000
vn 0.00000 -1.00000 -0.00000
vn 0.00000 -1.00000 -0.00000
vn 0.00000 -1.00000 -0.00000
vn 0.00000 -1.00000 -0.00000
vn 0.00000 -1.00000 -0.00000
vn 0.00000 -1.00000 -0.00000
vn 0.00000 -1.00000 -0.00000
vn 0.00000 -1.00000 -0.00000
vn 0.00000 -1.00000 -0.00000
vn 0.00000 -1.00000 -0.00000
vn 0.00000 -1.00000 -0.00000
vn 0.00000 -1.00000 -0.00000
vn 0.00000 -1.00000 -0.00000
vn 0.00000 -1.00000 -0.00000
vn 0.00000 -1.00000 -0.00000
vn 0.00000 -1.00000 -0.00000
vn 0.00000 -1.00000 -0.00000
vn 0.00000 -1.00000 -0.00000
vn 0.00000 -1.00000 -0.00000
vn 0.00000 -1.00000 -0.00000
vn 0.00000 -1.00000 -0.00000
vn 0.00000 -1.00000 -0.00000
vn 0.00000 -1.00000 -0.00000
vn 0.00000 -1.00000 -0.00000
vn 0.00000 -1.00000 -0.00000
vn 0.00000 -1.00000 -0.00000
vn 0.00000 -1.00000 -0.00000
vn 0.00000 -1.00000 -0.00000
vn 0.00000 -1.00000 -0.00000
vn 0.00000 -1.00000 -0.00000
vn 0.00000 -1.00000 -0.00000
vn 0.00000 -1.00000 -0.00000
vn 0.00000 -1.00000 -0.00000
vn 0.00000 -1.00000 -0.00000
vn 0.00000 -1.00000 -0.00000
vn 0.00000 -1.00000 -0.00000
vn 0.00000 -1.00000 -0.00000
vn 0.00000 -1.00000 -0.00000
vn 0.00000 -1.00000 -0.00000
vn 0.00000 -1.00000 -0.00000
vn 0.00000 -1.00000 -0.00000
vn 0.00000 -1.00000 -0.00000
vn 0.00000 -1.00000 -0.00000
vn 0.00000 -1.00000 -0.00000
vn 0.00000 -1.00000 -0.00000
vn 0.00000 -1.00000 -0.00000
vn 0.00000 -1.00000 -0.00000
vn 0.00000 -1.00000 -0.00000
vn 0.00000 -1.00000 -0.00000
vn 0.00000 -1.00000 -0.00000
vn 0.00000 -1.00000 -0.00000
vn 0.00000 -1.00000 -0.00000
vn 0.00000 -1.00000 -0.00000
vn 0.00000 -1.00000 -0.00000
vn 0.00000 -1.00000 -0.00000
vn 0.00000 -1.00000 -0.00000
vn 0.00000 -1.00000 -0.00000
vn 0.00000 -1.00000 -0.00000
vn 0.00000 -1.00000 -0.00000
vn 0.00000 1.00000 0.00000
vn 0.00000 1.00000 0.00000
vn 0.00000 1.00000 0.00000
vn 0.00000 1.00000 0.00000
vn 0.00000 1.00000 0.00000
vn 0.00000 1.00000 0.00000
vn 0.00000 1.00000 0.00000
vn 0.00000 1.00000 0.00000
vn 0.00000 1.00000 0.00000
vn 0.00000 1.00000 0.00000
vn 0.00000 1.00000 0.00000
vn 0.00000 1.00000 0.00000
vn 0.00000 1.00000 0.00000
vn 0.00000 1.00000 0.00000
vn 0.00000 1.00000 0.00000
vn 0.00000 1.00000 0.00000
vn 0.00000 1.00000 0.00000
vn 0.00000 1.00000 0.00000
vn 0.00000 1.00000 0.00000
vn 0.00000 1.00000 0.00000
vn 0.00000 1.00000 0.00000
vn 0.00000 1.00000 0.00000
vn 0.00000 1.00000 0.00000
vn 0.00000 1.00000 0.00000
vn 0.00000 1.00000 0.00000
vn 0.00000 1.00000 0.00000
vn 0.00000 1.00000 0.00000
vn 0.00000 1.00000 0.00000
vn 0.00000 1.00000 0.00000
vn 0.00000 1.00000 0.00000
vn 0.00000 1.00000 0.00000
vn 0.00000 1.00000 0.00000
vn 0.00000 1.00000 0.00000
vn 0.00000 1.00000 0.00000
vn 0.00000 1.00000 0.00000
vn 0.00000 1.00000 0.00000
vn 0.00000 1.00000 0.00000
vn 0.00000 1.00000 0.00000
vn 0.00000 1.00000 0.00000
vn 0.00000 1.00000 0.00000
vn 0.00000 1.00000 0.00000
vn 0.00000 1.00000 0.00000
vn 0.00000 1.00000 0.00000
vn 0.00000 1.00000 0.00000
vn 0.00000 1.00000 0.00000
vn 0.00000 1.00000 0.00000
vn 0.00000 1.00000 0.00000
vn 0.00000 1.00000 0.00000
vn 0.00000 1.00000 0.00000
vn 0.00000 1.00000 0.00000
vn 0.00000 1.00000 0.00000
vn 0.00000 1.00000 0.00000
vn 0.00000 1.00000 0.00000
vn 0.00000 1.00000 0.00000
vn 0.00000 1.00000 0.00000
vn 0.00000 1.00000 0.00000
vn 0.00000 1.00000 0.00000
vn 0.00000 1.00000 0.00000
vn 0.00000 1.00000 0.00000
vn 0.00000 1.00000 0.00000
vn 0.00000 1.00000 0.00000
vn 0.00000 1.00000 0.00000
vn 0.00000 1.00000 0.00000
vn 0.00000 1.00000 0.00000
vn 0.00000 1.00000 0.00000
vn 0.00000 1.00000 0.00000
vn 0.00000 1.00000 0.00000
vn 0.00000 1.00000 0.00000
vn 0.00000 1.00000 0.00000
vn 0.00000 1.00000 0.00000
vn 0.00000 1.00000 0.00000
vn 0.00000 1.00000 0.00000
vn 0.00000 1.00000 0.00000
vn 0.00000 1.00000 0.00000
vn 0.00000 1.00000 0.00000
vn 0.00000 1.00000 0.00000
vn 0.00000 1.00000 0.00000
vn 0.00000 1.00000 0.00000
vn 0.00000 1.00000 0.00000
vn 0.00000 1.00000 0.00000
vn 0.00000 1.00000 0.00000
vn 0.00000 1.00000 0.00000
vn 0.00000 1.00000 0.00000
vn 0.00000 1.00000 0.00000
vn 0.00000 1.00000 0.00000
vn 0.00000 1.00000 0.00000
vn 0.00000 1.00000 0.00000
vn 0.00000 1.00000 0.00000
vn 0.00000 1.00000 0.00000
vn 0.00000 1.00000 0.00000
vn 0.00000 1.00000 0.00000
vn 0.00000 1.00000 0.00000
vn 0.00000 1.00000 0.00000
vn 0.00000 1.00000 0.00000
vn 0.00000 1.00000 0.00000
vn 0.00000 1.00000 0.00000
vn 0.00000 1.00000 0.00000
vn 0.00000 1.00000 0.00000
vn 0.00000 1.00000 0.00000
vn 0.00000 1.00000 0.00000
vn 0.00000 1.00000 0.00000
vn 0.00000 1.00000 0.00000
vn 0.00000 1.00000 0.00000
vn 0.00000 1.00000 0.00000
vn 0.00000 1.00000 0.00000
vn 0.00000 1.00000 0.00000
vn 0.00000 1.00000 0.00000
vn 0.00000 1.00000 0.00000
vn 0.00000 1.00000 0.00000
vn 0.00000 1.00000 0.00000
vn 0.00000 1.00000 0.00000
vn 0.00000 1.00000 0.00000
vn 0.00000 1.00000 0.00000
vn 0.00000 1.00000 0.00000
vn 0.00000 1.00000 0.00000
vn 0.00000 1.00000 0.00000
vn 0.00000 1.00000 0.00000
vn 0.00000 1.00000 0.00000
vn 0.00000 1.00000 0.00000
vn 0.00000 1.00000 0.00000
vn 0.00000 1.00000 0.00000
vn 0.00000 1.00000 0.00000
vn 0.00000 1.00000 0.00000
vn 0.00000 1.00000 0.00000
vn 0.00000 1.00000 0.00000
vn 0.00000 1.00000 0.00000
vn 0.00000 1.00000 0.00000
vn 0.00000 1.00000 0.00000
vn 0.00000 1.00000 0.00000
vn 0.00000 1.00000 0.00000
vn 0.00000 1.00000 0.00000
vn 0.00000 1.00000 0.00000
vn 0.00000 1.00000 0.00000
vn 0.00000 1.00000 0.00000
vn 0.00000 1.00000 0.00000
vn 0.00000 1.00000 0.00000
vn 0.00000 1.00000 0.00000
vn 0.00000 1.00000 0.00000
vn 0.00000 1.00000 0.00000
vn 0.00000 1.00000 0.00000
vn 0.00000 1.00000 0.00000
vn 0.00000 1.00000 0.00000
vn 0.00000 1.00000 0.00000
vn 0.00000 1.00000 0.00000
vn 0.00000 1.00000 0.00000
vn 0.00000 1.00000 0.00000
vn 0.00000 1.00000 0.00000
vn 0.00000 1.00000 0.00000
vn 0.00000 1.00000 0.00000
vn 0.00000 1.00000 0.00000
vn 0.00000 1.00000 0.00000
vn 0.00000 1.00000 0.00000
vn 0.00000 1.00000 0.00000
vn 0.00000 1.00000 0.00000
vn 0.00000 1.00000 0.00000
vn 0.00000 1.00000 0.00000
vn 0.00000 1.00000 0.00000
vn 0.00000 1.00000 0.00000
vn 0.00000 1.00000 0.00000
vn 0.00000 1.00000 0.00000
vn 0.00000 1.00000 0.00000
vn 0.00000 1.00000 0.00000
vn 0.00000 1.00000 0.00000
vn 0.00000 1.00000 0.00000
vn 0.00000 1.00000 0.00000
vn 0.00000 1.00000 0.00000
vn 0.00000 1.00000 0.00000
vn 0.00000 1.00000 0.00000
vn 0.00000 1.00000 0.00000
vn 0.00000 1.00000 0.00000
vn 0.00000 1.00000 0.00000
vn 0.00000 1.00000 0.00000
vn 0.00000 1.00000 0.00000
vn 0.00000 1.00000 0.00000
vn 0.00000 1.00000 0.00000
vn 0.00000 1.00000 0.00000
vn 0.00000 1.00000 0.00000
vn 0.00000 1.00000 0.00000
vn 0.00000 1.00000 0.00000
vn 0.00000 1.00000 0.00000
vn 0.00000 1.00000 0.00000
vn 0.00000 1.00000 0.00000
vn 0.00000 1.00000 0.00000
vn 0.00000 1.00000 0.00000
vn 0.00000 1.00000 0.00000
vn 0.00000 1.00000 0.00000
vn 0.00000 1.00000 0.00000
vn 0.00000 1.00000 0.00000
vn 0.00000 1.00000 0.00000
vn 0.00000 1.00000 0.00000
vn 0.00000 1.00000 0.00000
vn 0.00000 1.00000 0.00000
vn 0.00000 1.00000 0.00000
vn 0.00000 1.00000 0.00000
vn 0.00000 1.00000 0.00000
vn 0.00000 1.00000 0.00000
vn 0.00000 1.00000 0.00000
vn 0.00000 1.00000 0.00000
vn 0.00000 1.00000 0.00000
vn 0.00000 1.00000 0.00000
vn 0.00000 1.00000 0.00000
vn 0.00000 1.00000 0.00000
vn 0.00000 1.00000 0.00000
vn 0.00000 1.00000 0.00000
vn 0.00000 1.00000 0.00000
vn 0.00000 1.00000 0.00000
vn 0.00000 1.00000 0.00000
vn 0.00000 1.00000 0.00000
vn 0.00000 1.00000 0.00000
vn 0.00000 1.00000 0.00000
vn 0.00000 1.00000 0.00000
vn 0.00000 1.00000 0.00000
vn 0.00000 1.00000 0.00000
vn 0.00000 1.00000 0.00000
vn 0.00000 1.00000 0.00000
vn 0.00000 1.00000 0.00000
vn 0.00000 1.00000 0.00000
vn 0.00000 1.00000 0.00000
vn 0.00000 1.00000 0.00000
vn 0.00000 1.00000 0.00000
vn 0.00000 1.00000 0.00000
vn 0.00000 1.00000 0.00000
vn 0.00000 1.00000 0.00000
vn 0.00000 1.00000 0.00000
vn 0.00000 1.00000 0.00000
vn 0.00000 1.00000 0.00000
vn 0.00000 1.00000 0.00000
vn 0.00000 1.00000 0.00000
vn 0.00000 1.00000 0.00000
vn 0.00000 1.00000 0.00000
vn 0.00000 1.00000 0.00000
vn 0.00000 1.00000 0.00000
vn 0.00000 1.00000 0.00000
vn 0.00000 1.00000 0.00000
vn 0.00000 1.00000 0.00000
vn 0.00000 1.00000 0.00000
vn 0.00000 1.00000 0.00000
vn 0.00000 1.00000 0.00000
vn 0.00000 1.00000 0.00000
vn 0.00000 1.00000 0.00000
vn 0.00000 1.00000 0.00000
vn 0.00000 1.00000 0.00000
vn 0.00000 1.00000 0.00000
vn 0.00000 1.00000 0.00000
vn 0.00000 1.00000 0.00000
vn 0.00000 1.00000 0.00000
vn 0.00000 1.00000 0.00000
vn 0.00000 1.00000 0.00000
vn 0.00000 1.00000 0.00000
vn 0.00000 1.00000 0.00000
vn 0.00000 1.00000 0.00000
vn 0.00000 1.00000 0.00000
vn 0.00000 1.00000 0.00000
vn 0.00000 1.00000 0.00000
vn 0.00000 1.00000 0.00000
vn 0.00000 1.00000 0.00000
vn 0.00000 1.00000 0.00000
vn 0.00000 1.00000 0.00000
vn 0.00000 1.00000 0.00000
vn 0.00000 1.00000 0.00000
vn 0.00000 1.00000 0.00000
vn 0.00000 1.00000 0.00000
vn 0.00000 1.00000 0.00000
vn 0.00000 1.00000 0.00000
vn 0.00000 1.00000 0.00000
vn 0.00000 1.00000 0.00000
vn 0.00000 1.00000 0.00000
vn 0.00000 1.00000 0.00000
vn 0.00000 1.00000 0.00000
vn 0.00000 1.00000 0.00000
vn 0.00000 1.00000 0.00000
vn 0.00000 1.00000 0.00000
vn 0.00000 1.00000 0.00000
vn 0.00000 1.00000 0.00000
vn 0.00000 1.00000 0.00000
vn 0.00000 1.00000 0.00000
vn 0.00000 1.00000 0.00000
vn 0.00000 1.00000 0.00000
vn 0.00000 1.00000 0.00000
vn 0.00000 1.00000 0.00000
vn 0.00000 1.00000 0.00000
vn 0.00000 1.00000 0.00000
vn 0.00000 1.00000 0.00000
vn 0.00000 1.00000 0.00000
vn 0.00000 1.00000 0.00000
vn 0.00000 1.00000 0.00000
vn 0.00000 1.00000 0.00000
vn 0.00000 1.00000 0.00000
vn 0.00000 1.00000 0.00000
vn 0.00000 1.00000 0.00000
vn 0.00000 1.00000 0.00000
vn 0.00000 1.00000 0.00000
vn 0.00000 1.00000 0.00000
vn 0.00000 1.00000 0.00000
vn 0.00000 1.00000 0.00000
vn 0.00000 1.00000 0.00000
vn 0.00000 1.00000 0.00000
vn 0.00000 1.00000 0.00000
vn 0.00000 1.00000 0.00000
vn 0.00000 1.00000 0.00000
vn 0.00000 1.00000 0.00000
vn 0.00000 1.00000 0.00000
vn 0.00000 1.00000 0.00000
vn 0.00000 1.00000 0.00000
vn 0.00000 1.00000 0.00000
vn 0.00000 1.00000 0.00000
vn 0.00000 1.00000 0.00000
vn 0.00000 1.00000 0.00000
vn 0.00000 1.00000 0.00000
vn 0.00000 1.00000 0.00000
vn 0.00000 1.00000 0.00000
vn 0.00000 1.00000 0.00000
vn 0.00000 1.00000 0.00000
vn 0.00000 1.00000 0.00000
vn 0.00000 1.00000 0.00000
vn 0.00000 1.00000 0.00000
vn 0.00000 1.00000 0.00000
vn 0.00000 1.00000 0.00000
vn 0.00000 1.00000 0.00000
vn 0.00000 1.00000 0.00000
vn 0.00000 1.00000 0.00000
vn 0.00000 1.00000 0.00000
vn 0.00000 1.00000 0.00000
vn 0.00000 1.00000 0.00000
vn 0.00000 1.00000 0.00000
vn 0.00000 1.00000 0.00000
vn 0.00000 1.00000 0.00000
vn 0.00000 1.00000 0.00000
vn 0.00000 1.00000 0.00000
vn 0.00000 1.00000 0.00000
vn 0.00000 1.00000 0.00000
vn 0.00000 1.00000 0.00000
vn 0.00000 1.00000 0.00000
vn 0.00000 1.00000 0.00000
vn 0.00000 1.00000 0.00000
vn 0.00000 1.00000 0.00000
vn 0.00000 1.00000 0.00000
vn 0.00000 1.00000 0.00000
vn 0.00000 1.00000 0.00000
vn 0.00000 1.00000 0.00000
vn 0.00000 1.00000 0.00000
vn 0.00000 1.00000 0.00000
vn 0.00000 1.00000 0.00000
vn 0.00000 1.00000 0.00000
vn 0.00000 1.00000 0.00000
vn 0.00000 1.00000 0.00000
vn 0.00000 1.00000 0.00000
vn 0.00000 1.00000 0.00000
vn 0.00000 1.00000 0.00000
vn 0.00000 1.00000 0.00000
vn 0.00000 1.00000 0.00000
vn 0.00000 1.00000 0.00000
vn 0.00000 1.00000 0.00000
vn 0.00000 1.00000 0.00000
vn 0.00000 1.00000 0.00000
vn 0.00000 1.00000 0.00000
vn 0.00000 1.00000 0.00000
vn 0.00000 1.00000 0.00000
vn 0.00000 1.00000 0.00000
vn 0.00000 1.00000 0.00000
vn 0.00000 1.00000 0.00000
vn 0.00000 1.00000 0.00000
vn 0.00000 1.00000 0.00000
vn 0.00000 1.00000 0.00000
vn 0.00000 1.00000 0.00000
vn 0.00000 1.00000 0.00000
vn 0.00000 1.00000 0.00000
vn 0.00000 1.00000 0.00000
vn 0.00000 1.00000 0.00000
vn 0.00000 1.00000 0.00000
vn 0.00000 1.00000 0.00000
vn 0.00000 1.00000 0.00000
vn 0.00000 1.00000 0.00000
vn 0.00000 1.00000 0.00000
vn 0.00000 1.00000 0.00000
vn 0.00000 1.00000 0.00000
vn 0.00000 1.00000 0.00000
vn 0.00000 1.00000 0.00000
vn 0.00000 1.00000 0.00000
vn 0.00000 1.00000 0.00000
vn 0.00000 1.00000 0.00000
vn 0.00000 1.00000 0.00000
vn 0.00000 1.00000 0.00000
vn 0.00000 1.00000 0.00000
vn 0.00000 1.00000 0.00000
vn 0.00000 1.00000 0.00000
vn 0.00000 1.00000 0.00000
vn 0.00000 1.00000 0.00000
vn 0.00000 1.00000 0.00000
vn 0.00000 1.00000 0.00000
vn 0.00000 1.00000 0.00000
vn 0.00000 1.00000 0.00000
vn 0.00000 1.00000 0.00000
vn 0.00000 1.00000 0.00000
vn 0.00000 1.00000 0.00000
vn 0.00000 1.00000 0.00000
vn 0.00000 1.00000 0.00000
vn 0.00000 1.00000 0.00000
vn 0.00000 1.00000 0.00000
vn 0.00000 1.00000 0.00000
vn 0.00000 1.00000 0.00000
vn 0.00000 1.00000 0.00000
vn 0.00000 1.00000 0.00000
vn 0.00000 1.00000 0.00000
vn 0.00000 1.00000 0.00000
vn 0.00000 1.00000 0.00000
vn 0.00000 1.00000 0.00000
vn 0.00000 1.00000 0.00000
vn 0.00000 1.00000 0.00000
vn 0.00000 1.00000 0.00000
vn 0.00000 1.00000 0.00000
vn 0.00000 1.00000 0.00000
vn 0.00000 1.00000 0.00000
vn 0.00000 1.00000 0.00000
vn 0.00000 1.00000 0.00000
vn 0.00000 1.00000 0.00000
vn 0.00000 1.00000 0.00000
vn 0.00000 1.00000 0.00000
vn 0.00000 1.00000 0.00000
vn 0.00000 1.00000 0.00000
vn 0.00000 1.00000 0.00000
vn 0.00000 1.00000 0.00000
vn 0.00000 1.00000 0.00000
vn 0.00000 1.00000 0.00000
vn 0.00000 1.00000 0.00000
vn 0.00000 1.00000 0.00000
vn 0.00000 1.00000 0.00000
vn 0.00000 1.00000 0.00000
vn 0.00000 1.00000 0.00000
vn 0.00000 1.00000 0.00000
vn 0.00000 1.00000 0.00000
vn 0.00000 1.00000 0.00000
vn 0.00000 1.00000 0.00000
vn 0.00000 1.00000 0.00000
vn 0.00000 1.00000 0.00000
vn 0.00000 1.00000 0.00000
vn 0.00000 1.00000 0.00000
vn 0.00000 1.00000 0.00000
vn 0.00000 1.00000 0.00000
vn 0.00000 1.00000 0.00000
vn 0.00000 1.00000 0.00000
vn 0.00000 1.00000 0.00000
vn 0.00000 1.00000 0.00000
vn 0.00000 1.00000 0.00000
vn 0.00000 1.00000 0.00000
vn 0.00000 1.00000 0.00000
vn 0.00000 1.00000 0.00000
vn 0.00000 1.00000 0.00000
vn 0.00000 1.00000 0.00000
vn 0.00000 1.00000 0.00000
vn 0.00000 1.00000 0.00000
vn 0.00000 1.00000 0.00000
vn 0.00000 1.00000 0.00000
vn 0.00000 1.00000 0.00000
vn 0.00000 1.00000 0.00000
vn 0.00000 1.00000 0.00000
vn 0.00000 1.00000 0.00000
vn 0.00000 1.00000 0.00000
vn 0.00000 1.00000 0.00000
vn 0.00000 1.00000 0.00000
vn 0.00000 1.00000 0.00000
vn 0.00000 1.00000 0.00000
vn 0.00000 1.00000 0.00000
vn 0.00000 1.00000 0.00000
vn 0.00000 1.00000 0.00000
vn 0.00000 1.00000 0.00000
vn 0.00000 1.00000 0.00000
vn 0.00000 1.00000 0.00000
vn 0.00000 1.00000 0.00000
vn 0.00000 1.00000 0.00000
vn 0.00000 1.00000 0.00000
vn 0.00000 1.00000 0.00000
vn 0.00000 1.00000 0.00000
vn 0.00000 1.00000 0.00000
vn 0.00000 1.00000 0.00000
vn 0.00000 1.00000 0.00000
vn 0.00000 1.00000 0.00000
vn 0.00000 1.00000 0.00000
vn 0.00000 1.00000 0.00000
vn 0.00000 1.00000 0.00000
vn 0.00000 1.00000 0.00000
vn 0.00000 1.00000 0.00000
vn 0.00000 1.00000 0.00000
vn 0.00000 1.00000 0.00000
vn 0.00000 1.00000 0.00000
vn 0.00000 1.00000 0.00000
vn 0.00000 1.00000 0.00000
vn 0.00000 1.00000 0.00000
vn 0.00000 1.00000 0.00000
vn 0.00000 1.00000 0.00000
vn 0.00000 1.00000 0.00000
vn 0.00000 1.00000 0.00000
vn 0.00000 1.00000 0.00000
vn 0.00000 1.00000 0.00000
vn 0.00000 1.00000 0.00000
vn 0.00000 1.00000 0.00000
vn 0.00000 1.00000 0.00000
vn 0.00000 1.00000 0.00000
vn 0.00000 1.00000 0.00000
vn 0.00000 1.00000 0.00000
vn 0.00000 1.00000 0.00000
vn 0.00000 1.00000 0.00000
vn 0.00000 1.00000 0.00000
vn 0.00000 1.00000 0.00000
vn 0.00000 1.00000 0.00000
vn 0.00000 1.00000 0.00000
vn 0.00000 1.00000 0.00000
vn 0.00000 1.00000 0.00000
vn 0.00000 1.00000 0.00000
vn 0.00000 1.00000 0.00000
vn 0.00000 1.00000 0.00000
vn 0.00000 1.00000 0.00000
vn 0.00000 1.00000 0.00000
vn 0.00000 1.00000 0.00000
vn 0.00000 1.00000 0.00000
vn 0.00000 1.00000 0.00000
vn 0.00000 1.00000 0.00000
vn 0.00000 1.00000 0.00000
vn 0.00000 1.00000 0.00000
vn 0.00000 1.00000 0.00000
vn 0.00000 1.00000 0.00000
vn 0.00000 1.00000 0.00000
vn 0.00000 1.00000 0.00000
vn 0.00000 1.00000 0.00000
vn 0.00000 1.00000 0.00000
vn 0.00000 1.00000 0.00000
vn 0.00000 1.00000 0.00000
vn 0.00000 1.00000 0.00000
vn 0.00000 1.00000 0.00000
vn 0.00000 1.00000 0.00000
vn 0.00000 1.00000 0.00000
vn 0.00000 1.00000 0.00000
vn 0.00000 1.00000 0.00000
vn 0.00000 1.00000 0.00000
vn 0.00000 1.00000 0.00000
vn 0.00000 1.00000 0.00000
vn 0.00000 1.00000 0.00000
vn 0.00000 1.00000 0.00000
vn 0.00000 1.00000 0.00000
vn 0.00000 1.00000 0.00000
vn 0.00000 1.00000 0.00000
vn 0.00000 1.00000 0.00000
vn 0.00000 1.00000 0.00000
vn 0.00000 1.00000 0.00000
vn 0.00000 1.00000 0.00000
vn 0.00000 1.00000 0.00000
vn 0.00000 1.00000 0.00000
vn 0.00000 1.00000 0.00000
vn 0.00000 1.00000 0.00000
vn 0.00000 1.00000 0.00000
vn 0.00000 1.00000 0.00000
vn 0.00000 1.00000 0.00000
vn 0.00000 1.00000 0.00000
vn 0.00000 1.00000 0.00000
vn 0.00000 1.00000 0.00000
vn 0.00000 1.00000 0.00000
vn 0.00000 1.00000 0.00000
vn 0.00000 1.00000 0.00000
vn 0.00000 1.00000 0.00000
vn 0.00000 1.00000 0.00000
vn 0.00000 1.00000 0.00000
vn 0.00000 1.00000 0.00000
vn 0.00000 1.00000 0.00000
vn 0.00000 1.00000 0.00000
vn 0.00000 1.00000 0.00000
vn 0.00000 1.00000 0.00000
vn 0.00000 1.00000 0.00000
vn 0.00000 1.00000 0.00000
vn 0.00000 1.00000 0.00000
vn 0.00000 1.00000 0.00000
vn 0.00000 1.00000 0.00000
vn 0.00000 1.00000 0.00000
vn 0.00000 1.00000 0.00000
vn 0.00000 1.00000 0.00000
vn 0.00000 1.00000 0.00000
vn 0.00000 1.00000 0.00000
vn 0.00000 1.00000 0.00000
vn 0.00000 1.00000 0.00000
vn 0.00000 1.00000 0.00000
vn 0.00000 1.00000 0.00000
vn 0.00000 1.00000 0.00000
vn 0.00000 1.00000 0.00000
vn 0.00000 1.00000 0.00000
vn 0.00000 1.00000 0.00000
vn 0.00000 1.00000 0.00000
vn 0.00000 1.00000 0.00000
vn 0.00000 1.00000 0.00000
vn 0.00000 1.00000 0.00000
vn 0.00000 1.00000 0.00000
vn 0.00000 1.00000 0.00000
vn 0.00000 1.00000 0.00000
vn 0.00000 1.00000 0.00000
vn 0.00000 1.00000 0.00000
vn 0.00000 1.00000 0.00000
vn 0.00000 1.00000 0.00000
vn 0.00000 1.00000 0.00000
vn 0.00000 1.00000 0.00000
vn 0.00000 1.00000 0.00000
vn 0.00000 1.00000 0.00000
vn 0.00000 1.00000 0.00000
vn 0.00000 1.00000 0.00000
vn 0.00000 1.00000 0.00000
vn 0.00000 1.00000 0.00000
vn 0.00000 1.00000 0.00000
vn 0.00000 1.00000 0.00000
vn 0.00000 1.00000 0.00000
vn 0.00000 1.00000 0.00000
vn 0.00000 1.00000 0.00000
vn 0.00000 1.00000 0.00000
vn 0.00000 1.00000 0.00000
vn 0.00000 1.00000 0.00000
vn 0.00000 1.00000 0.00000
vn 0.00000 1.00000 0.00000
vn 0.00000 1.00000 0.00000
vn 0.00000 1.00000 0.00000
vn 0.00000 1.00000 0.00000
vn 0.00000 1.00000 0.00000
vn 0.00000 1.00000 0.00000
vn 0.00000 1.00000 0.00000
vn 0.00000 1.00000 0.00000
vn 0.00000 1.00000 0.00000
vn 0.00000 1.00000 0.00000
vn 0.00000 1.00000 0.00000
vn 0.00000 1.00000 0.00000
vn 0.00000 1.00000 0.00000
vn 0.00000 1.00000 0.00000
vn 0.00000 1.00000 0.00000
vn 0.00000 1.00000 0.00000
vn 0.00000 1.00000 0.00000
vn 0.00000 1.00000 0.00000
vn 0.00000 1.00000 0.00000
vn 0.00000 1.00000 0.00000
vn 0.00000 1.00000 0.00000
vn 0.00000 1.00000 0.00000
vn 0.00000 1.00000 0.00000
vn 0.00000 1.00000 0.00000
vn 0.00000 1.00000 0.00000
vn 0.00000 1.00000 0.00000
vn 0.00000 1.00000 0.00000
vn 0.00000 1.00000 0.00000
vn 0.00000 1.00000 0.00000
vn 0.00000 1.00000 0.00000
vn 0.00000 1.00000 0.00000
vn 0.00000 1.00000 0.00000
vn 0.00000 1.00000 0.00000
vn 0.00000 1.00000 0.00000
vn 0.00000 1.00000 0.00000
vn 0.00000 1.00000 0.00000
vn 0.00000 1.00000 0.00000
vn 0.00000 1.00000 0.00000
vn 0.00000 1.00000 0.00000
vn 0.00000 1.00000 0.00000
vn 0.00000 1.00000 0.00000
vn 0.00000 1.00000 0.00000
vn 0.00000 1.00000 0.00000
vn 0.00000 1.00000 0.00000
vn 0.00000 1.00000 0.00000
vn 0.00000 1.00000 0.00000
vn 0.00000 1.00000 0.00000
vn 0.00000 1.00000 0.00000
vn 0.00000 1.00000 0.00000
vn 0.00000 1.00000 0.00000
vn 0.00000 1.00000 0.00000
vn 0.00000 1.00000 0.00000
vn 0.00000 1.00000 0.00000
vn 0.00000 1.00000 0.00000
vn 0.00000 1.00000 0.00000
vn 0.00000 1.00000 0.00000
vn 0.00000 1.00000 0.00000
vn 0.00000 1.00000 0.00000
vn 0.00000 1.00000 0.00000
vn 0.00000 1.00000 0.00000
vn 0.00000 1.00000 0.00000
vn 0.00000 1.00000 0.00000
vn 0.00000 1.00000 0.00000
vn 0.00000 1.00000 0.00000
vn 0.00000 1.00000 0.00000
vn 0.00000 1.00000 0.00000
vn 0.00000 1.00000 0.00000
vn 0.00000 1.00000 0.00000
vn 0.00000 1.00000 0.00000
vn 0.00000 1.00000 0.00000
vn 0.00000 1.00000 0.00000
vn 0.00000 1.00000 0.00000
vn 0.00000 1.00000 0.00000
vn 0.00000 1.00000 0.00000
vn 0.00000 1.00000 0.00000
vn 0.00000 1.00000 0.00000
vn 0.00000 1.00000 0.00000
vn 0.00000 1.00000 0.00000
vn 0.00000 1.00000 0.00000
vn 0.00000 1.00000 0.00000
vn 0.00000 1.00000 0.00000
vn 0.00000 1.00000 0.00000
vn 0.00000 1.00000 0.00000
vn 0.00000 1.00000 0.00000
vn 0.00000 1.00000 0.00000
vn 0.00000 1.00000 0.00000
vn 0.00000 1.00000 0.00000
vn 0.00000 1.00000 0.00000
vn 0.00000 1.00000 0.00000
vn 0.00000 1.00000 0.00000
vn 0.00000 1.00000 0.00000
vn 0.00000 1.00000 0.00000
vn 0.00000 1.00000 0.00000
vn 0.00000 1.00000 0.00000
vn 0.00000 1.00000 0.00000
vn 0.00000 1.00000 0.00000
vn 0.00000 1.00000 0.00000
vn 0.00000 1.00000 0.00000
vn 0.00000 1.00000 0.00000
vn 0.00000 1.00000 0.00000
vn 0.00000 1.00000 0.00000
vn 0.00000 1.00000 0.00000
vn 0.00000 1.00000 0.00000
vn 0.00000 1.00000 0.00000
vn 0.00000 1.00000 0.00000
vn 0.00000 1.00000 0.00000
vn 0.00000 1.00000 0.00000
vn 0.00000 1.00000 0.00000
vn 0.00000 1.00000 0.00000
vn 0.00000 1.00000 0.00000
vn 0.00000 1.00000 0.00000
vn 0.00000 1.00000 0.00000
vn 0.00000 1.00000 0.00000
vn 0.00000 1.00000 0.00000
vn 0.00000 1.00000 0.00000
vn 0.00000 1.00000 0.00000
vn 0.00000 1.00000 0.00000
vn 0.00000 1.00000 0.00000
vn 0.00000 1.00000 0.00000
vn 0.00000 1.00000 0.00000
vn 0.00000 1.00000 0.00000
vn 0.00000 1.00000 0.00000
vn 0.00000 1.00000 0.00000
vn 0.00000 1.00000 0.00000
vn 0.00000 1.00000 0.00000
vn 0.00000 1.00000 0.00000
vn 0.00000 1.00000 0.00000
vn 0.00000 1.00000 0.00000
vn 0.00000 1.00000 0.00000
vn 0.00000 1.00000 0.00000
vn 0.00000 1.00000 0.00000
vn 0.00000 1.00000 0.00000
vn 0.00000 1.00000 0.00000
vn 0.00000 1.00000 0.00000
vn 0.00000 1.00000 0.00000
vn 0.00000 1.00000 0.00000
vn 0.00000 1.00000 0.00000
vn 0.00000 1.00000 0.00000
vn 0.00000 1.00000 0.00000
vn 0.00000 1.00000 0.00000
vn 0.00000 1.00000 0.00000
vn 0.00000 1.00000 0.00000
vn 0.00000 1.00000 0.00000
vn 0.00000 1.00000 0.00000
vn 0.00000 1.00000 0.00000
vn 0.00000 1.00000 0.00000
vn 0.00000 1.00000 0.00000
vn 0.00000 1.00000 0.00000
vn 0.00000 1.00000 0.00000
vn 0.00000 1.00000 0.00000
vn 0.00000 1.00000 0.00000
vn 0.00000 1.00000 0.00000
vn 0.00000 1.00000 0.00000
vn 0.00000 1.00000 0.00000
vn 0.00000 1.00000 0.00000
vn 0.00000 1.00000 0.00000
vn 0.00000 1.00000 0.00000
vn 0.00000 1.00000 0.00000
vn 0.00000 1.00000 0.00000
vn 0.00000 1.00000 0.00000
vn 0.00000 1.00000 0.00000
vn 0.00000 1.00000 0.00000
vn 0.00000 1.00000 0.00000
vn 0.00000 1.00000 0.00000
vn 0.00000 1.00000 0.00000
vn 0.00000 1.00000 0.00000
vn 0.00000 1.00000 0.00000
vn 0.00000 1.00000 0.00000
vn 0.00000 1.00000 0.00000
vn 0.00000 1.00000 0.00000
vn 0.00000 1.00000 0.00000
vn 0.00000 1.00000 0.00000
vn 0.00000 1.00000 0.00000
vn 0.00000 1.00000 0.00000
vn 0.00000 1.00000 0.00000
vn 0.00000 1.00000 0.00000
vn 0.00000 1.00000 0.00000
vn 0.00000 1.00000 0.00000
vn 0.00000 1.00000 0.00000
vn 0.00000 1.00000 0.00000
vn 0.00000 1.00000 0.00000
vn 0.00000 1.00000 0.00000
vn 0.00000 1.00000 0.00000
vn 0.00000 1.00000 0.00000
vn 0.00000 1.00000 0.00000
vn 0.00000 1.00000 0.00000
vn 0.00000 1.00000 0.00000
vn 0.00000 1.00000 0.00000
vn 0.00000 1.00000 0.00000
vn 0.00000 1.00000 0.00000
vn 0.00000 1.00000 0.00000
vn 0.00000 1.00000 0.00000
vn 0.00000 1.00000 0.00000
vn 0.00000 1.00000 0.00000
vn 0.00000 1.00000 0.00000
vn 0.00000 1.00000 0.00000
vn 0.00000 1.00000 0.00000
vn 0.00000 1.00000 0.00000
vn 0.00000 1.00000 0.00000
vn 0.00000 1.00000 0.00000
vn 0.00000 1.00000 0.00000
vn 0.00000 1.00000 0.00000
vn 0.00000 1.00000 0.00000
vn 0.00000 1.00000 0.00000
vn 0.00000 1.00000 0.00000
vn 0.00000 1.00000 0.00000
vn 0.00000 1.00000 0.00000
vn 0.00000 1.00000 0.00000
vn 0.00000 1.00000 0.00000
vn 0.00000 1.00000 0.00000
vn 0.00000 1.00000 0.00000
vn 0.00000 1.00000 0.00000
vn 0.00000 1.00000 0.00000
vn 0.00000 1.00000 0.00000
vn 0.00000 1.00000 0.00000
vn 0.00000 1.00000 0.00000
vn 0.00000 1.00000 0.00000
vn 0.00000 1.00000 0.00000
vn 0.00000 1.00000 0.00000
vn 0.00000 1.00000 0.00000
vn 0.00000 1.00000 0.00000
vn 0.00000 1.00000 0.00000
vn 0.00000 1.00000 0.00000
vn 0.00000 1.00000 0.00000
vn 0.00000 1.00000 0.00000
vn 0.00000 1.00000 0.00000
vn 0.00000 1.00000 0.00000
vn 0.00000 1.00000 0.00000
vn 0.00000 1.00000 0.00000
vn 0.00000 1.00000 0.00000
vn 0.00000 1.00000 0.00000
vn 0.00000 1.00000 0.00000
vn 0.00000 1.00000 0.00000
vn 0.00000 1.00000 0.00000
vn 0.00000 1.00000 0.00000
vn 0.00000 1.00000 0.00000
vn 0.00000 1.00000 0.00000
vn 0.00000 1.00000 0.00000
vn 0.00000 1.00000 0.00000
vn 0.00000 1.00000 0.00000
vn 0.00000 1.00000 0.00000
vn 0.00000 1.00000 0.00000
vn 0.00000 1.00000 0.00000
vn 0.00000 1.00000 0.00000
vn 0.00000 1.00000 0.00000
vn 0.00000 1.00000 0.00000
vn 0.00000 1.00000 0.00000
vn 0.00000 1.00000 0.00000
vn 0.00000 1.00000 0.00000
vn 0.00000 1.00000 0.00000
vn 0.00000 1.00000 0.00000
vn 0.00000 1.00000 0.00000
vn 0.00000 1.00000 0.00000
vn 0.00000 1.00000 0.00000
vn 0.00000 1.00000 0.00000
vn 0.00000 1.00000 0.00000
vn 0.00000 1.00000 0.00000
vn 0.00000 1.00000 0.00000
vn 0.00000 1.00000 0.00000
vn 0.00000 1.00000 0.00000
vn 0.00000 1.00000 0.00000
vn 0.00000 1.00000 0.00000
vn 0.00000 1.00000 0.00000
vn 0.00000 1.00000 0.00000
vn 0.00000 1.00000 0.00000
vn 0.00000 1.00000 0.00000
vn 0.00000 1.00000 0.00000
vn 0.00000 1.00000 0.00000
vn 0.00000 1.00000 0.00000
vn 0.00000 1.00000 0.00000
vn 0.00000 1.00000 0.00000
vn 0.00000 1.00000 0.00000
vn 0.00000 1.00000 0.00000
vn 0.00000 1.00000 0.00000
vn 0.00000 1.00000 0.00000
vn 0.00000 1.00000 0.00000
vn 0.00000 1.00000 0.00000
vn 0.00000 1.00000 0.00000
vn 0.00000 1.00000 0.00000
vn 0.00000 1.00000 0.00000
vn 0.00000 1.00000 0.00000
vn 0.00000 1.00000 0.00000
vn 0.00000 1.00000 0.00000
vn 0.00000 1.00000 0.00000
vn 0.00000 1.00000 0.00000
vn 0.00000 1.00000 0.00000
vn 0.00000 1.00000 0.00000
vn 0.00000 1.00000 0.00000
vn 0.00000 1.00000 0.00000
vn 0.00000 1.00000 0.00000
vn 0.00000 1.00000 0.00000
vn 0.00000 1.00000 0.00000
vn 0.00000 1.00000 0.00000
vn 0.00000 1.00000 0.00000
vn 0.00000 1.00000 0.00000
vn 0.00000 1.00000 0.00000
vn 0.00000 1.00000 0.00000
vn 0.00000 1.00000 0.00000
vn 0.00000 1.00000 0.00000
vn 0.00000 1.00000 0.00000
vn 0.00000 1.00000 0.00000
vn 0.00000 1.00000 0.00000
vn 0.00000 1.00000 0.00000
vn 0.00000 1.00000 0.00000
vn 0.00000 1.00000 0.00000
vn 0.00000 1.00000 0.00000
vn 0.00000 1.00000 0.00000
vn 0.00000 1.00000 0.00000
vn 0.00000 1.00000 0.00000
vn 0.00000 1.00000 0.00000
vn 0.00000 1.00000 0.00000
vn 0.00000 1.00000 0.00000
vn 0.00000 1.00000 0.00000
vn 0.00000 1.00000 0.00000
vn 0.00000 1.00000 0.00000
vn 0.00000 1.00000 0.00000
vn 0.00000 1.00000 0.00000
vn 0.00000 1.00000 0.00000
vn 0.00000 1.00000 0.00000
vn 0.00000 1.00000 0.00000
vn 0.00000 1.00000 0.00000
vn 0.00000 1.00000 0.00000
vn 0.00000 1.00000 0.00000
vn 0.00000 1.00000 0.00000
vn 0.00000 1.00000 0.00000
vn 0.00000 1.00000 0.00000
vn 0.00000 1.00000 0.00000
vn 0.00000 1.00000 0.00000
vn 0.00000 1.00000 0.00000
vn 0.00000 1.00000 0.00000
vn 0.00000 1.00000 0.00000
vn 0.00000 1.00000 0.00000
vn 0.00000 1.00000 0.00000
vn 0.00000 1.00000 0.00000
vn 0.00000 1.00000 0.00000
vn 0.00000 1.00000 0.00000
vn 0.00000 1.00000 0.00000
vn 0.00000 1.00000 0.00000
vn 0.00000 1.00000 0.00000
vn 0.00000 1.00000 0.00000
vn 0.00000 1.00000 0.00000
vn 0.00000 1.00000 0.00000
vn 0.00000 1.00000 0.00000
vn 0.00000 1.00000 0.00000
vn 0.00000 1.00000 0.00000
vn 0.00000 1.00000 0.00000
vn 0.00000 1.00000 0.00000
vn 0.00000 1.00000 0.00000
vn 0.00000 1.00000 0.00000
vn 0.00000 1.00000 0.00000
vn 0.00000 1.00000 0.00000
vn 0.00000 1.00000 0.00000
vn 0.00000 1.00000 0.00000
vn 0.00000 1.00000 0.00000
vn 0.00000 1.00000 0.00000
vn 0.00000 1.00000 0.00000
vn 0.00000 1.00000 0.00000
vn 0.00000 1.00000 0.00000
vn 0.00000 1.00000 0.00000
vn 0.00000 1.00000 0.00000
vn 0.00000 1.00000 0.00000
vn 0.00000 1.00000 0.00000
vn 0.00000 1.00000 0.00000
vn 0.00000 1.00000 0.00000
vn 0.00000 1.00000 0.00000
vn 0.00000 1.00000 0.00000
vn 0.00000 1.00000 0.00000
vn 0.00000 1.00000 0.00000
vn 0.00000 1.00000 0.00000
vn 0.00000 1.00000 0.00000
vn 0.99975 -0.00000 0.02221
vn 0.99975 -0.00000 0.02221
vn 0.99975 -0.00000 0.02221
vn 0.99975 -0.00000 0.02221
vn -0.99979 0.00000 -0.02042
vn -0.99979 0.00000 -0.02042
vn -0.99979 0.00000 -0.02042
vn -0.99979 0.00000 -0.02042
vn 0.99979 0.00000 -0.02042
vn 0.99979 0.00000 -0.02042
vn 0.99979 0.00000 -0.02042
vn 0.99979 0.00000 -0.02042
vn -0.99975 -0.00000 0.02238
vn -0.99975 -0.00000 0.02238
vn -0.99975 -0.00000 0.02238
vn -0.99975 -0.00000 0.02238
vn 0.99775 -0.00000 0.06705
vn 0.99775 -0.00000 0.06705
vn 0.99775 -0.00000 0.06705
vn 0.99775 -0.00000 0.06705
vn -0.99808 0.00000 -0.06199
vn -0.99808 0.00000 -0.06199
vn -0.99808 0.00000 -0.06199
vn -0.99808 0.00000 -0.06199
vn 0.99808 0.00000 -0.06200
vn 0.99808 0.00000 -0.06200
vn 0.99808 0.00000 -0.06200
vn 0.99808 0.00000 -0.06200
vn -0.99772 -0.00000 0.06752
vn -0.99772 -0.00000 0.06752
vn -0.99772 -0.00000 0.06752
vn -0.99772 -0.00000 0.06752
vn 0.02464 -0.00000 0.99970
vn 0.02464 -0.00000 0.99970
vn 0.02464 -0.00000 0.99970
vn 0.02464 -0.00000 0.99970
vn -0.02441 0.00000 -0.99970
vn -0.02441 0.00000 -0.99970
vn -0.02441 0.00000 -0.99970
vn -0.02441 0.00000 -0.99970
vn -0.99978 -0.00000 0.02088
vn -0.99978 -0.00000 0.02088
vn -0.99978 -0.00000 0.02088
vn -0.99978 -0.00000 0.02088
vn 0.99976 0.00000 -0.02181
vn 0.99976 0.00000 -0.02181
vn 0.99976 0.00000 -0.02181
vn 0.99976 0.00000 -0.02181
vn -0.99976 0.00000 -0.02197
vn -0.99976 0.00000 -0.02197
vn -0.99976 0.00000 -0.02197
vn -0.99976 0.00000 -0.02197
vn 0.99978 -0.00000 0.02089
vn 0.99978 -0.00000 0.02089
vn 0.99978 -0.00000 0.02089
vn 0.99978 -0.00000 0.02089
vn 0.02442 0.00000 -0.99970
vn 0.02442 0.00000 -0.99970
vn 0.02442 0.00000 -0.99970
vn 0.02442 0.00000 -0.99970
vn -0.02477 -0.00000 0.99969
vn -0.02477 -0.00000 0.99969
vn -0.02477 -0.00000 0.99969
vn -0.02477 -0.00000 0.99969
vn 0.99367 -0.00000 0.11233
vn 0.99367 -0.00000 0.11233
vn 0.99367 -0.00000 0.11233
vn 0.99367 -0.00000 0.11233
vn -0.99453 0.00000 -0.10445
vn -0.99453 0.00000 -0.10445
vn -0.99453 0.00000 -0.10445
vn -0.99453 0.00000 -0.10445
vn 0.99453 0.00000 -0.10450
vn 0.99453 0.00000 -0.10450
vn 0.99453 0.00000 -0.10450
vn 0.99453 0.00000 -0.10450
vn -0.99358 -0.00000 0.11309
vn -0.99358 -0.00000 0.11309
vn -0.99358 -0.00000 0.11309
vn -0.99358 -0.00000 0.11309
vn 0.87673 -0.00000 0.48099
vn 0.87673 -0.00000 0.48099
vn 0.87673 -0.00000 0.48099
vn 0.87673 -0.00000 0.48099
vn -0.88367 0.00000 -0.46811
vn -0.88367 0.00000 -0.46811
vn -0.88367 0.00000 -0.46811
vn -0.88367 0.00000 -0.46811
vn 0.63100 0.00000 -0.77578
vn 0.63100 0.00000 -0.77578
vn 0.63100 0.00000 -0.77578
vn 0.63100 0.00000 -0.77578
vn -0.64231 -0.00000 0.76644
vn -0.64231 -0.00000 0.76644
vn -0.64231 -0.00000 0.76644
vn -0.64231 -0.00000 0.76644
vn 0.98744 -0.00000 0.15800
vn 0.98744 -0.00000 0.15800
vn 0.98744 -0.00000 0.15800
vn 0.98744 -0.00000 0.15800
vn -0.98902 0.00000 -0.14779
vn -0.98902 0.00000 -0.14779
vn -0.98902 0.00000 -0.14779
vn -0.98902 0.00000 -0.14779
vn 0.98901 0.00000 -0.14787
vn 0.98901 0.00000 -0.14787
vn 0.98901 0.00000 -0.14787
vn 0.98901 0.00000 -0.14787
vn -0.98727 -0.00000 0.15903
vn -0.98727 -0.00000 0.15903
vn -0.98727 -0.00000 0.15903
vn -0.98727 -0.00000 0.15903
vn -0.87569 -0.00000 0.48288
vn -0.87569 -0.00000 0.48288
vn -0.87569 -0.00000 0.48288
vn -0.87569 -0.00000 0.48288
vn 0.88333 0.00000 -0.46876
vn 0.88333 0.00000 -0.46876
vn 0.88333 0.00000 -0.46876
vn 0.88333 0.00000 -0.46876
vn -0.85750 0.00000 -0.51448
vn -0.85750 0.00000 -0.51448
vn -0.85750 0.00000 -0.51448
vn -0.85750 0.00000 -0.51448
vn 0.85043 -0.00000 0.52609
vn 0.85043 -0.00000 0.52609
vn 0.85043 -0.00000 0.52609
vn 0.85043 -0.00000 0.52609
vn 0.90028 -0.00000 0.43531
vn 0.90028 -0.00000 0.43531
vn 0.90028 -0.00000 0.43531
vn 0.90028 -0.00000 0.43531
vn -0.90683 0.00000 -0.42150
vn -0.90683 0.00000 -0.42150
vn -0.90683 0.00000 -0.42150
vn -0.90683 0.00000 -0.42150
vn -0.84928 -0.00000 0.52794
vn -0.84928 -0.00000 0.52794
vn -0.84928 -0.00000 0.52794
vn -0.84928 -0.00000 0.52794
vn 0.85706 0.00000 -0.51521
vn 0.85706 0.00000 -0.51521
vn 0.85706 0.00000 -0.51521
vn 0.85706 0.00000 -0.51521
vn -0.62971 0.00000 -0.77683
vn -0.62971 0.00000 -0.77683
vn -0.62971 0.00000 -0.77683
vn -0.62971 0.00000 -0.77683
vn 0.64116 -0.00000 0.76740
vn 0.64116 -0.00000 0.76740
vn 0.64116 -0.00000 0.76740
vn 0.64116 -0.00000 0.76740
vn 0.97898 -0.00000 0.20398
vn 0.97898 -0.00000 0.20398
vn 0.97898 -0.00000 0.20398
vn 0.97898 -0.00000 0.20398
vn -0.98141 0.00000 -0.19195
vn -0.98141 0.00000 -0.19195
vn -0.98141 0.00000 -0.19195
vn -0.98141 0.00000 -0.19195
vn 0.98138 0.00000 -0.19208
vn 0.98138 0.00000 -0.19208
vn 0.98138 0.00000 -0.19208
vn 0.98138 0.00000 -0.19208
vn -0.97871 -0.00000 0.20524
vn -0.97871 -0.00000 0.20524
vn -0.97871 -0.00000 0.20524
vn -0.97871 -0.00000 0.20524
vn 0.90657 0.00000 -0.42205
vn 0.90657 0.00000 -0.42205
vn 0.90657 0.00000 -0.42205
vn 0.90657 0.00000 -0.42205
vn -0.89937 -0.00000 0.43719
vn -0.89937 -0.00000 0.43719
vn -0.89937 -0.00000 0.43719
vn -0.89937 -0.00000 0.43719
vn -0.82828 0.00000 -0.56032
vn -0.82828 0.00000 -0.56032
vn -0.82828 0.00000 -0.56032
vn -0.82828 0.00000 -0.56032
vn 0.82135 -0.00000 0.57043
vn 0.82135 -0.00000 0.57043
vn 0.82135 -0.00000 0.57043
vn 0.82135 -0.00000 0.57043
vn 0.92114 -0.00000 0.38924
vn 0.92114 -0.00000 0.38924
vn 0.92114 -0.00000 0.38924
vn 0.92114 -0.00000 0.38924
vn -0.92708 0.00000 -0.37486
vn -0.92708 0.00000 -0.37486
vn -0.92708 0.00000 -0.37486
vn -0.92708 0.00000 -0.37486
vn -0.82011 -0.00000 0.57221
vn -0.82011 -0.00000 0.57221
vn -0.82011 -0.00000 0.57221
vn -0.82011 -0.00000 0.57221
vn 0.82773 0.00000 -0.56113
vn 0.82773 0.00000 -0.56113
vn 0.82773 0.00000 -0.56113
vn 0.82773 0.00000 -0.56113
vn 0.59550 -0.00000 0.80336
vn 0.59550 -0.00000 0.80336
vn 0.59550 -0.00000 0.80336
vn 0.59550 -0.00000 0.80336
vn -0.58447 0.00000 -0.81142
vn -0.58447 0.00000 -0.81142
vn -0.58447 0.00000 -0.81142
vn -0.58447 0.00000 -0.81142
vn 0.96820 -0.00000 0.25020
vn 0.96820 -0.00000 0.25020
vn 0.96820 -0.00000 0.25020
vn 0.96820 -0.00000 0.25020
vn -0.97155 0.00000 -0.23684
vn -0.97155 0.00000 -0.23684
vn -0.97155 0.00000 -0.23684
vn -0.97155 0.00000 -0.23684
vn 0.97150 0.00000 -0.23704
vn 0.97150 0.00000 -0.23704
vn 0.97150 0.00000 -0.23704
vn 0.97150 0.00000 -0.23704
vn -0.96782 -0.00000 0.25166
vn -0.96782 -0.00000 0.25166
vn -0.96782 -0.00000 0.25166
vn -0.96782 -0.00000 0.25166
vn 0.92690 0.00000 -0.37532
vn 0.92690 0.00000 -0.37532
vn 0.92690 0.00000 -0.37532
vn 0.92690 0.00000 -0.37532
vn -0.92036 -0.00000 0.39108
vn -0.92036 -0.00000 0.39108
vn -0.92036 -0.00000 0.39108
vn -0.92036 -0.00000 0.39108
vn 0.93936 -0.00000 0.34294
vn 0.93936 -0.00000 0.34294
vn 0.93936 -0.00000 0.34294
vn 0.93936 -0.00000 0.34294
vn -0.94453 0.00000 -0.32843
vn -0.94453 0.00000 -0.32843
vn -0.94453 0.00000 -0.32843
vn -0.94453 0.00000 -0.32843
vn 0.95502 -0.00000 0.29655
vn 0.95502 -0.00000 0.29655
vn 0.95502 -0.00000 0.29655
vn 0.95502 -0.00000 0.29655
vn -0.95930 0.00000 -0.28237
vn -0.95930 0.00000 -0.28237
vn -0.95930 0.00000 -0.28237
vn -0.95930 0.00000 -0.28237
vn -0.78817 -0.00000 0.61545
vn -0.78817 -0.00000 0.61545
vn -0.78817 -0.00000 0.61545
vn -0.78817 -0.00000 0.61545
vn 0.79530 0.00000 -0.60622
vn 0.79530 0.00000 -0.60622
vn 0.79530 0.00000 -0.60622
vn 0.79530 0.00000 -0.60622
vn -0.79597 0.00000 -0.60533
vn -0.79597 0.00000 -0.60533
vn -0.79597 0.00000 -0.60533
vn -0.79597 0.00000 -0.60533
vn 0.78948 -0.00000 0.61377
vn 0.78948 -0.00000 0.61377
vn 0.78948 -0.00000 0.61377
vn 0.78948 -0.00000 0.61377
vn 0.95922 0.00000 -0.28265
vn 0.95922 0.00000 -0.28265
vn 0.95922 0.00000 -0.28265
vn 0.95922 0.00000 -0.28265
vn -0.95451 -0.00000 0.29818
vn -0.95451 -0.00000 0.29818
vn -0.95451 -0.00000 0.29818
vn -0.95451 -0.00000 0.29818
vn 0.94440 0.00000 -0.32879
vn 0.94440 0.00000 -0.32879
vn 0.94440 0.00000 -0.32879
vn 0.94440 0.00000 -0.32879
vn -0.93872 -0.00000 0.34469
vn -0.93872 -0.00000 0.34469
vn -0.93872 -0.00000 0.34469
vn -0.93872 -0.00000 0.34469
vn -0.75350 -0.00000 0.65745
vn -0.75350 -0.00000 0.65745
vn -0.75350 -0.00000 0.65745
vn -0.75350 -0.00000 0.65745
vn 0.75981 0.00000 -0.65014
vn 0.75981 0.00000 -0.65014
vn 0.75981 0.00000 -0.65014
vn 0.75981 0.00000 -0.65014
vn -0.76061 0.00000 -0.64921
vn -0.76061 0.00000 -0.64921
vn -0.76061 0.00000 -0.64921
vn -0.76061 0.00000 -0.64921
vn 0.75485 -0.00000 0.65590
vn 0.75485 -0.00000 0.65590
vn 0.75485 -0.00000 0.65590
vn 0.75485 -0.00000 0.65590
vn 0.07509 -0.00000 0.99718
vn 0.07509 -0.00000 0.99718
vn 0.07509 -0.00000 0.99718
vn 0.07509 -0.00000 0.99718
vn -0.07428 0.00000 -0.99724
vn -0.07428 0.00000 -0.99724
vn -0.07428 0.00000 -0.99724
vn -0.07428 0.00000 -0.99724
vn 0.58568 0.00000 -0.81054
vn 0.58568 0.00000 -0.81054
vn 0.58568 0.00000 -0.81054
vn 0.58568 0.00000 -0.81054
vn -0.59674 -0.00000 0.80243
vn -0.59674 -0.00000 0.80243
vn -0.59674 -0.00000 0.80243
vn -0.59674 -0.00000 0.80243
vn -0.71614 -0.00000 0.69795
vn -0.71614 -0.00000 0.69795
vn -0.71614 -0.00000 0.69795
vn -0.71614 -0.00000 0.69795
vn 0.72134 0.00000 -0.69258
vn 0.72134 0.00000 -0.69258
vn 0.72134 0.00000 -0.69258
vn 0.72134 0.00000 -0.69258
vn -0.68539 -0.00000 0.72818
vn -0.68539 -0.00000 0.72818
vn -0.68539 -0.00000 0.72818
vn -0.68539 -0.00000 0.72818
vn 0.67406 0.00000 -0.73867
vn 0.67406 0.00000 -0.73867
vn 0.67406 0.00000 -0.73867
vn 0.67406 0.00000 -0.73867
vn -0.99800 -0.00000 0.06322
vn -0.99800 -0.00000 0.06322
vn -0.99800 -0.00000 0.06322
vn -0.99800 -0.00000 0.06322
vn 0.99782 0.00000 -0.06598
vn 0.99782 0.00000 -0.06598
vn 0.99782 0.00000 -0.06598
vn 0.99782 0.00000 -0.06598
vn -0.99779 0.00000 -0.06645
vn -0.99779 0.00000 -0.06645
vn -0.99779 0.00000 -0.06645
vn -0.99779 0.00000 -0.06645
vn 0.99800 -0.00000 0.06323
vn 0.99800 -0.00000 0.06323
vn 0.99800 -0.00000 0.06323
vn 0.99800 -0.00000 0.06323
vn -0.72227 0.00000 -0.69162
vn -0.72227 0.00000 -0.69162
vn -0.72227 0.00000 -0.69162
vn -0.72227 0.00000 -0.69162
vn 0.71750 -0.00000 0.69655
vn 0.71750 -0.00000 0.69655
vn 0.71750 -0.00000 0.69655
vn 0.71750 -0.00000 0.69655
vn -0.07597 -0.00000 0.99711
vn -0.07597 -0.00000 0.99711
vn -0.07597 -0.00000 0.99711
vn -0.07597 -0.00000 0.99711
vn 0.07298 0.00000 -0.99733
vn 0.07298 0.00000 -0.99733
vn 0.07298 0.00000 -0.99733
vn 0.07298 0.00000 -0.99733
vn -0.67619 -0.00000 0.73672
vn -0.67619 -0.00000 0.73672
vn -0.67619 -0.00000 0.73672
vn -0.67619 -0.00000 0.73672
vn 0.68003 0.00000 -0.73319
vn 0.68003 0.00000 -0.73319
vn 0.68003 0.00000 -0.73319
vn 0.68003 0.00000 -0.73319
vn 0.07431 0.00000 -0.99724
vn 0.07431 0.00000 -0.99724
vn 0.07431 0.00000 -0.99724
vn 0.07431 0.00000 -0.99724
vn -0.07549 -0.00000 0.99715
vn -0.07549 -0.00000 0.99715
vn -0.07549 -0.00000 0.99715
vn -0.07549 -0.00000 0.99715
vn 0.54761 -0.00000 0.83673
vn 0.54761 -0.00000 0.83673
vn 0.54761 -0.00000 0.83673
vn 0.54761 -0.00000 0.83673
vn -0.53724 0.00000 -0.84343
vn -0.53724 0.00000 -0.84343
vn -0.53724 0.00000 -0.84343
vn -0.53724 0.00000 -0.84343
vn -0.67272 0.00000 -0.73990
vn -0.67272 0.00000 -0.73990
vn -0.67272 0.00000 -0.73990
vn -0.67272 0.00000 -0.73990
vn 0.68435 -0.00000 0.72915
vn 0.68435 -0.00000 0.72915
vn 0.68435 -0.00000 0.72915
vn 0.68435 -0.00000 0.72915
vn -0.07336 0.00000 -0.99731
vn -0.07336 0.00000 -0.99731
vn -0.07336 0.00000 -0.99731
vn -0.07336 0.00000 -0.99731
vn 0.07600 -0.00000 0.99711
vn 0.07600 -0.00000 0.99711
vn 0.07600 -0.00000 0.99711
vn 0.07600 -0.00000 0.99711
vn -0.63378 -0.00000 0.77351
vn -0.63378 -0.00000 0.77351
vn -0.63378 -0.00000 0.77351
vn -0.63378 -0.00000 0.77351
vn 0.63607 0.00000 -0.77163
vn 0.63607 0.00000 -0.77163
vn 0.63607 0.00000 -0.77163
vn 0.63607 0.00000 -0.77163
vn -0.68107 0.00000 -0.73222
vn -0.68107 0.00000 -0.73222
vn -0.68107 0.00000 -0.73222
vn -0.68107 0.00000 -0.73222
vn 0.67753 -0.00000 0.73549
vn 0.67753 -0.00000 0.73549
vn 0.67753 -0.00000 0.73549
vn 0.67753 -0.00000 0.73549
vn -0.58908 -0.00000 0.80807
vn -0.58908 -0.00000 0.80807
vn -0.58908 -0.00000 0.80807
vn -0.58908 -0.00000 0.80807
vn 0.58971 0.00000 -0.80762
vn 0.58971 0.00000 -0.80762
vn 0.58971 0.00000 -0.80762
vn 0.58971 0.00000 -0.80762
vn 0.53835 0.00000 -0.84272
vn 0.53835 0.00000 -0.84272
vn 0.53835 0.00000 -0.84272
vn 0.53835 0.00000 -0.84272
vn -0.54892 -0.00000 0.83587
vn -0.54892 -0.00000 0.83587
vn -0.54892 -0.00000 0.83587
vn -0.54892 -0.00000 0.83587
vn -0.63722 0.00000 -0.77068
vn -0.63722 0.00000 -0.77068
vn -0.63722 0.00000 -0.77068
vn -0.63722 0.00000 -0.77068
vn 0.63508 -0.00000 0.77245
vn 0.63508 -0.00000 0.77245
vn 0.63508 -0.00000 0.77245
vn 0.63508 -0.00000 0.77245
vn 0.49781 -0.00000 0.86729
vn 0.49781 -0.00000 0.86729
vn 0.49781 -0.00000 0.86729
vn 0.49781 -0.00000 0.86729
vn -0.48832 0.00000 -0.87267
vn -0.48832 0.00000 -0.87267
vn -0.48832 0.00000 -0.87267
vn -0.48832 0.00000 -0.87267
vn -0.72577 -0.00000 0.68794
vn -0.72577 -0.00000 0.68794
vn -0.72577 -0.00000 0.68794
vn -0.72577 -0.00000 0.68794
vn 0.71467 0.00000 -0.69946
vn 0.71467 0.00000 -0.69946
vn 0.71467 0.00000 -0.69946
vn 0.71467 0.00000 -0.69946
vn 0.12681 -0.00000 0.99193
vn 0.12681 -0.00000 0.99193
vn 0.12681 -0.00000 0.99193
vn 0.12681 -0.00000 0.99193
vn -0.12521 0.00000 -0.99213
vn -0.12521 0.00000 -0.99213
vn -0.12521 0.00000 -0.99213
vn -0.12521 0.00000 -0.99213
vn -0.59095 0.00000 -0.80671
vn -0.59095 0.00000 -0.80671
vn -0.59095 0.00000 -0.80671
vn -0.59095 0.00000 -0.80671
vn 0.59030 -0.00000 0.80719
vn 0.59030 -0.00000 0.80719
vn 0.59030 -0.00000 0.80719
vn 0.59030 -0.00000 0.80719
vn -0.54230 -0.00000 0.84019
vn -0.54230 -0.00000 0.84019
vn -0.54230 -0.00000 0.84019
vn -0.54230 -0.00000 0.84019
vn 0.54125 0.00000 -0.84086
vn 0.54125 0.00000 -0.84086
vn 0.54125 0.00000 -0.84086
vn 0.54125 0.00000 -0.84086
vn -0.71330 0.00000 -0.70086
vn -0.71330 0.00000 -0.70086
vn -0.71330 0.00000 -0.70086
vn -0.71330 0.00000 -0.70086
vn 0.72485 -0.00000 0.68890
vn 0.72485 -0.00000 0.68890
vn 0.72485 -0.00000 0.68890
vn 0.72485 -0.00000 0.68890
vn -0.12792 -0.00000 0.99178
vn -0.12792 -0.00000 0.99178
vn -0.12792 -0.00000 0.99178
vn -0.12792 -0.00000 0.99178
vn 0.12343 0.00000 -0.99235
vn 0.12343 0.00000 -0.99235
vn 0.12343 0.00000 -0.99235
vn 0.12343 0.00000 -0.99235
vn 0.12530 0.00000 -0.99212
vn 0.12530 0.00000 -0.99212
vn 0.12530 0.00000 -0.99212
vn 0.12530 0.00000 -0.99212
vn -0.12744 -0.00000 0.99185
vn -0.12744 -0.00000 0.99185
vn -0.12744 -0.00000 0.99185
vn -0.12744 -0.00000 0.99185
vn 0.48930 0.00000 -0.87212
vn 0.48930 0.00000 -0.87212
vn 0.48930 0.00000 -0.87212
vn 0.48930 0.00000 -0.87212
vn -0.49916 -0.00000 0.86651
vn -0.49916 -0.00000 0.86651
vn -0.49916 -0.00000 0.86651
vn -0.49916 -0.00000 0.86651
vn 0.44644 -0.00000 0.89482
vn 0.44644 -0.00000 0.89482
vn 0.44644 -0.00000 0.89482
vn 0.44644 -0.00000 0.89482
vn -0.43798 0.00000 -0.89898
vn -0.43798 0.00000 -0.89898
vn -0.43798 0.00000 -0.89898
vn -0.43798 0.00000 -0.89898
vn -0.99434 -0.00000 0.10624
vn -0.99434 -0.00000 0.10624
vn -0.99434 -0.00000 0.10624
vn -0.99434 -0.00000 0.10624
vn 0.99384 0.00000 -0.11080
vn 0.99384 0.00000 -0.11080
vn 0.99384 0.00000 -0.11080
vn 0.99384 0.00000 -0.11080
vn -0.99376 0.00000 -0.11155
vn -0.99376 0.00000 -0.11155
vn -0.99376 0.00000 -0.11155
vn -0.99376 0.00000 -0.11155
vn 0.99434 -0.00000 0.10628
vn 0.99434 -0.00000 0.10628
vn 0.99434 -0.00000 0.10628
vn 0.99434 -0.00000 0.10628
vn -0.54256 0.00000 -0.84002
vn -0.54256 0.00000 -0.84002
vn -0.54256 0.00000 -0.84002
vn -0.54256 0.00000 -0.84002
vn 0.54341 -0.00000 0.83947
vn 0.54341 -0.00000 0.83947
vn 0.54341 -0.00000 0.83947
vn 0.54341 -0.00000 0.83947
vn -0.12404 0.00000 -0.99228
vn -0.12404 0.00000 -0.99228
vn -0.12404 0.00000 -0.99228
vn -0.12404 0.00000 -0.99228
vn 0.12801 -0.00000 0.99177
vn 0.12801 -0.00000 0.99177
vn 0.12801 -0.00000 0.99177
vn 0.12801 -0.00000 0.99177
vn -0.49368 -0.00000 0.86965
vn -0.49368 -0.00000 0.86965
vn -0.49368 -0.00000 0.86965
vn -0.49368 -0.00000 0.86965
vn 0.49105 0.00000 -0.87113
vn 0.49105 0.00000 -0.87113
vn 0.49105 0.00000 -0.87113
vn 0.49105 0.00000 -0.87113
vn 0.17954 -0.00000 0.98375
vn 0.17954 -0.00000 0.98375
vn 0.17954 -0.00000 0.98375
vn 0.17954 -0.00000 0.98375
vn -0.17698 0.00000 -0.98421
vn -0.17698 0.00000 -0.98421
vn -0.17698 0.00000 -0.98421
vn -0.17698 0.00000 -0.98421
vn -0.76331 -0.00000 0.64603
vn -0.76331 -0.00000 0.64603
vn -0.76331 -0.00000 0.64603
vn -0.76331 -0.00000 0.64603
vn 0.75265 0.00000 -0.65842
vn 0.75265 0.00000 -0.65842
vn 0.75265 0.00000 -0.65842
vn 0.75265 0.00000 -0.65842
vn 0.39387 -0.00000 0.91916
vn 0.39387 -0.00000 0.91916
vn 0.39387 -0.00000 0.91916
vn 0.39387 -0.00000 0.91916
vn -0.38658 0.00000 -0.92226
vn -0.38658 0.00000 -0.92226
vn -0.38658 0.00000 -0.92226
vn -0.38658 0.00000 -0.92226
vn 0.43883 0.00000 -0.89857
vn 0.43883 0.00000 -0.89857
vn 0.43883 0.00000 -0.89857
vn 0.43883 0.00000 -0.89857
vn -0.44780 -0.00000 0.89413
vn -0.44780 -0.00000 0.89413
vn -0.44780 -0.00000 0.89413
vn -0.44780 -0.00000 0.89413
vn 0.23296 -0.00000 0.97249
vn 0.23296 -0.00000 0.97249
vn 0.23296 -0.00000 0.97249
vn 0.23296 -0.00000 0.97249
vn -0.22931 0.00000 -0.97335
vn -0.22931 0.00000 -0.97335
vn -0.22931 0.00000 -0.97335
vn -0.22931 0.00000 -0.97335
vn -0.75129 0.00000 -0.65997
vn -0.75129 0.00000 -0.65997
vn -0.75129 0.00000 -0.65997
vn -0.75129 0.00000 -0.65997
vn 0.76252 -0.00000 0.64697
vn 0.76252 -0.00000 0.64697
vn 0.76252 -0.00000 0.64697
vn 0.76252 -0.00000 0.64697
vn 0.34051 -0.00000 0.94024
vn 0.34051 -0.00000 0.94024
vn 0.34051 -0.00000 0.94024
vn 0.34051 -0.00000 0.94024
vn -0.33444 0.00000 -0.94242
vn -0.33444 0.00000 -0.94242
vn -0.33444 0.00000 -0.94242
vn -0.33444 0.00000 -0.94242
vn -0.18058 -0.00000 0.98356
vn -0.18058 -0.00000 0.98356
vn -0.18058 -0.00000 0.98356
vn -0.18058 -0.00000 0.98356
vn 0.17503 0.00000 -0.98456
vn 0.17503 0.00000 -0.98456
vn 0.17503 0.00000 -0.98456
vn 0.17503 0.00000 -0.98456
vn -0.49240 0.00000 -0.87037
vn -0.49240 0.00000 -0.87037
vn -0.49240 0.00000 -0.87037
vn -0.49240 0.00000 -0.87037
vn 0.49466 -0.00000 0.86909
vn 0.49466 -0.00000 0.86909
vn 0.49466 -0.00000 0.86909
vn 0.49466 -0.00000 0.86909
vn -0.44350 -0.00000 0.89627
vn -0.44350 -0.00000 0.89627
vn -0.44350 -0.00000 0.89627
vn -0.44350 -0.00000 0.89627
vn 0.43948 0.00000 -0.89825
vn 0.43948 0.00000 -0.89825
vn 0.43948 0.00000 -0.89825
vn 0.43948 0.00000 -0.89825
vn 0.17715 0.00000 -0.98418
vn 0.17715 0.00000 -0.98418
vn 0.17715 0.00000 -0.98418
vn 0.17715 0.00000 -0.98418
vn -0.18038 -0.00000 0.98360
vn -0.18038 -0.00000 0.98360
vn -0.18038 -0.00000 0.98360
vn -0.18038 -0.00000 0.98360
vn 0.28674 -0.00000 0.95801
vn 0.28674 -0.00000 0.95801
vn 0.28674 -0.00000 0.95801
vn 0.28674 -0.00000 0.95801
vn -0.28190 0.00000 -0.95944
vn -0.28190 0.00000 -0.95944
vn -0.28190 0.00000 -0.95944
vn -0.28190 0.00000 -0.95944
vn 0.38728 0.00000 -0.92196
vn 0.38728 0.00000 -0.92196
vn 0.38728 0.00000 -0.92196
vn 0.38728 0.00000 -0.92196
vn -0.39521 -0.00000 0.91859
vn -0.39521 -0.00000 0.91859
vn -0.39521 -0.00000 0.91859
vn -0.39521 -0.00000 0.91859
vn -0.17585 0.00000 -0.98442
vn -0.17585 0.00000 -0.98442
vn -0.17585 0.00000 -0.98442
vn -0.17585 0.00000 -0.98442
vn 0.18075 -0.00000 0.98353
vn 0.18075 -0.00000 0.98353
vn 0.18075 -0.00000 0.98353
vn 0.18075 -0.00000 0.98353
vn -0.98870 -0.00000 0.14992
vn -0.98870 -0.00000 0.14992
vn -0.98870 -0.00000 0.14992
vn -0.98870 -0.00000 0.14992
vn 0.98773 0.00000 -0.15619
vn 0.98773 0.00000 -0.15619
vn 0.98773 0.00000 -0.15619
vn 0.98773 0.00000 -0.15619
vn -0.39208 -0.00000 0.91993
vn -0.39208 -0.00000 0.91993
vn -0.39208 -0.00000 0.91993
vn -0.39208 -0.00000 0.91993
vn 0.38693 0.00000 -0.92211
vn 0.38693 0.00000 -0.92211
vn 0.38693 0.00000 -0.92211
vn 0.38693 0.00000 -0.92211
vn -0.98757 0.00000 -0.15720
vn -0.98757 0.00000 -0.15720
vn -0.98757 0.00000 -0.15720
vn -0.98757 0.00000 -0.15720
vn 0.98869 -0.00000 0.15000
vn 0.98869 -0.00000 0.15000
vn 0.98869 -0.00000 0.15000
vn 0.98869 -0.00000 0.15000
vn -0.23364 -0.00000 0.97232
vn -0.23364 -0.00000 0.97232
vn -0.23364 -0.00000 0.97232
vn -0.23364 -0.00000 0.97232
vn 0.22751 0.00000 -0.97378
vn 0.22751 0.00000 -0.97378
vn 0.22751 0.00000 -0.97378
vn 0.22751 0.00000 -0.97378
vn -0.79791 -0.00000 0.60277
vn -0.79791 -0.00000 0.60277
vn -0.79791 -0.00000 0.60277
vn -0.79791 -0.00000 0.60277
vn 0.78789 0.00000 -0.61582
vn 0.78789 0.00000 -0.61582
vn 0.78789 0.00000 -0.61582
vn 0.78789 0.00000 -0.61582
vn -0.44083 0.00000 -0.89759
vn -0.44083 0.00000 -0.89759
vn -0.44083 0.00000 -0.89759
vn -0.44083 0.00000 -0.89759
vn 0.44435 -0.00000 0.89585
vn 0.44435 -0.00000 0.89585
vn 0.44435 -0.00000 0.89585
vn 0.44435 -0.00000 0.89585
vn 0.22959 0.00000 -0.97329
vn 0.22959 0.00000 -0.97329
vn 0.22959 0.00000 -0.97329
vn 0.22959 0.00000 -0.97329
vn -0.23398 -0.00000 0.97224
vn -0.23398 -0.00000 0.97224
vn -0.23398 -0.00000 0.97224
vn -0.23398 -0.00000 0.97224
vn 0.33498 0.00000 -0.94222
vn 0.33498 0.00000 -0.94222
vn 0.33498 0.00000 -0.94222
vn 0.33498 0.00000 -0.94222
vn -0.34178 -0.00000 0.93978
vn -0.34178 -0.00000 0.93978
vn -0.34178 -0.00000 0.93978
vn -0.34178 -0.00000 0.93978
vn -0.33973 -0.00000 0.94052
vn -0.33973 -0.00000 0.94052
vn -0.33973 -0.00000 0.94052
vn -0.33973 -0.00000 0.94052
vn 0.33383 0.00000 -0.94263
vn 0.33383 0.00000 -0.94263
vn 0.33383 0.00000 -0.94263
vn 0.33383 0.00000 -0.94263
vn -0.28681 -0.00000 0.95799
vn -0.28681 -0.00000 0.95799
vn -0.28681 -0.00000 0.95799
vn -0.28681 -0.00000 0.95799
vn 0.28056 0.00000 -0.95984
vn 0.28056 0.00000 -0.95984
vn 0.28056 0.00000 -0.95984
vn 0.28056 0.00000 -0.95984
vn 0.28231 0.00000 -0.95932
vn 0.28231 0.00000 -0.95932
vn 0.28231 0.00000 -0.95932
vn 0.28231 0.00000 -0.95932
vn -0.28790 -0.00000 0.95766
vn -0.28790 -0.00000 0.95766
vn -0.28790 -0.00000 0.95766
vn -0.28790 -0.00000 0.95766
vn -0.78658 0.00000 -0.61749
vn -0.78658 0.00000 -0.61749
vn -0.78658 0.00000 -0.61749
vn -0.78658 0.00000 -0.61749
vn 0.79724 -0.00000 0.60366
vn 0.79724 -0.00000 0.60366
vn 0.79724 -0.00000 0.60366
vn 0.79724 -0.00000 0.60366
vn -0.38825 0.00000 -0.92155
vn -0.38825 0.00000 -0.92155
vn -0.38825 0.00000 -0.92155
vn -0.38825 0.00000 -0.92155
vn 0.39278 -0.00000 0.91963
vn 0.39278 -0.00000 0.91963
vn 0.39278 -0.00000 0.91963
vn 0.39278 -0.00000 0.91963
vn -0.22851 0.00000 -0.97354
vn -0.22851 0.00000 -0.97354
vn -0.22851 0.00000 -0.97354
vn -0.22851 0.00000 -0.97354
vn 0.23393 -0.00000 0.97225
vn 0.23393 -0.00000 0.97225
vn 0.23393 -0.00000 0.97225
vn 0.23393 -0.00000 0.97225
vn -0.33508 0.00000 -0.94219
vn -0.33508 0.00000 -0.94219
vn -0.33508 0.00000 -0.94219
vn -0.33508 0.00000 -0.94219
vn 0.34029 -0.00000 0.94032
vn 0.34029 -0.00000 0.94032
vn 0.34029 -0.00000 0.94032
vn 0.34029 -0.00000 0.94032
vn -0.28170 0.00000 -0.95950
vn -0.28170 0.00000 -0.95950
vn -0.28170 0.00000 -0.95950
vn -0.28170 0.00000 -0.95950
vn 0.28722 -0.00000 0.95786
vn 0.28722 -0.00000 0.95786
vn 0.28722 -0.00000 0.95786
vn 0.28722 -0.00000 0.95786
vn -0.82953 -0.00000 0.55846
vn -0.82953 -0.00000 0.55846
vn -0.82953 -0.00000 0.55846
vn -0.82953 -0.00000 0.55846
vn 0.82031 0.00000 -0.57192
vn 0.82031 0.00000 -0.57192
vn 0.82031 0.00000 -0.57192
vn 0.82031 0.00000 -0.57192
vn -0.98096 -0.00000 0.19420
vn -0.98096 -0.00000 0.19420
vn -0.98096 -0.00000 0.19420
vn -0.98096 -0.00000 0.19420
vn 0.97937 0.00000 -0.20207
vn 0.97937 0.00000 -0.20207
vn 0.97937 0.00000 -0.20207
vn 0.97937 0.00000 -0.20207
vn -0.97911 0.00000 -0.20332
vn -0.97911 0.00000 -0.20332
vn -0.97911 0.00000 -0.20332
vn -0.97911 0.00000 -0.20332
vn 0.98093 -0.00000 0.19434
vn 0.98093 -0.00000 0.19434
vn 0.98093 -0.00000 0.19434
vn 0.98093 -0.00000 0.19434
vn -0.81906 0.00000 -0.57370
vn -0.81906 0.00000 -0.57370
vn -0.81906 0.00000 -0.57370
vn -0.81906 0.00000 -0.57370
vn 0.82898 -0.00000 0.55927
vn 0.82898 -0.00000 0.55927
vn 0.82898 -0.00000 0.55927
vn 0.82898 -0.00000 0.55927
vn -0.85817 -0.00000 0.51336
vn -0.85817 -0.00000 0.51336
vn -0.85817 -0.00000 0.51336
vn -0.85817 -0.00000 0.51336
vn 0.84987 0.00000 -0.52699
vn 0.84987 0.00000 -0.52699
vn 0.84987 0.00000 -0.52699
vn 0.84987 0.00000 -0.52699
vn -0.97101 -0.00000 0.23903
vn -0.97101 -0.00000 0.23903
vn -0.97101 -0.00000 0.23903
vn -0.97101 -0.00000 0.23903
vn 0.96867 0.00000 -0.24835
vn 0.96867 0.00000 -0.24835
vn 0.96867 0.00000 -0.24835
vn 0.96867 0.00000 -0.24835
vn -0.84872 0.00000 -0.52884
vn -0.84872 0.00000 -0.52884
vn -0.84872 0.00000 -0.52884
vn -0.84872 0.00000 -0.52884
vn 0.85773 -0.00000 0.51410
vn 0.85773 -0.00000 0.51410
vn 0.85773 -0.00000 0.51410
vn 0.85773 -0.00000 0.51410
vn -0.96830 0.00000 -0.24980
vn -0.96830 0.00000 -0.24980
vn -0.96830 0.00000 -0.24980
vn -0.96830 0.00000 -0.24980
vn 0.97096 -0.00000 0.23923
vn 0.97096 -0.00000 0.23923
vn 0.97096 -0.00000 0.23923
vn 0.97096 -0.00000 0.23923
vn -0.88386 -0.00000 0.46775
vn -0.88386 -0.00000 0.46775
vn -0.88386 -0.00000 0.46775
vn -0.88386 -0.00000 0.46775
vn 0.87656 0.00000 -0.48128
vn 0.87656 0.00000 -0.48128
vn 0.87656 0.00000 -0.48128
vn 0.87656 0.00000 -0.48128
vn -0.95873 -0.00000 0.28432
vn -0.95873 -0.00000 0.28432
vn -0.95873 -0.00000 0.28432
vn -0.95873 -0.00000 0.28432
vn 0.95552 0.00000 -0.29492
vn 0.95552 0.00000 -0.29492
vn 0.95552 0.00000 -0.29492
vn 0.95552 0.00000 -0.29492
vn -0.87553 0.00000 -0.48317
vn -0.87553 0.00000 -0.48317
vn -0.87553 0.00000 -0.48317
vn -0.87553 0.00000 -0.48317
vn 0.88352 -0.00000 0.46840
vn 0.88352 -0.00000 0.46840
vn 0.88352 -0.00000 0.46840
vn 0.88352 -0.00000 0.46840
vn -0.95502 0.00000 -0.29654
vn -0.95502 0.00000 -0.29654
vn -0.95502 0.00000 -0.29654
vn -0.95502 0.00000 -0.29654
vn 0.95865 -0.00000 0.28460
vn 0.95865 -0.00000 0.28460
vn 0.95865 -0.00000 0.28460
vn 0.95865 -0.00000 0.28460
vn -0.90667 -0.00000 0.42185
vn -0.90667 -0.00000 0.42185
vn -0.90667 -0.00000 0.42185
vn -0.90667 -0.00000 0.42185
vn 0.90042 0.00000 -0.43502
vn 0.90042 0.00000 -0.43502
vn 0.90042 0.00000 -0.43502
vn 0.90042 0.00000 -0.43502
vn -0.94399 -0.00000 0.32997
vn -0.94399 -0.00000 0.32997
vn -0.94399 -0.00000 0.32997
vn -0.94399 -0.00000 0.32997
vn 0.93982 0.00000 -0.34166
vn 0.93982 0.00000 -0.34166
vn 0.93982 0.00000 -0.34166
vn 0.93982 0.00000 -0.34166
vn -0.92668 -0.00000 0.37586
vn -0.92668 -0.00000 0.37586
vn -0.92668 -0.00000 0.37586
vn -0.92668 -0.00000 0.37586
vn 0.92148 0.00000 -0.38842
vn 0.92148 0.00000 -0.38842
vn 0.92148 0.00000 -0.38842
vn 0.92148 0.00000 -0.38842
vn -0.89951 0.00000 -0.43690
vn -0.89951 0.00000 -0.43690
vn -0.89951 0.00000 -0.43690
vn -0.89951 0.00000 -0.43690
vn 0.90641 -0.00000 0.42240
vn 0.90641 -0.00000 0.42240
vn 0.90641 -0.00000 0.42240
vn 0.90641 -0.00000 0.42240
vn -0.93919 0.00000 -0.34341
vn -0.93919 0.00000 -0.34341
vn -0.93919 0.00000 -0.34341
vn -0.93919 0.00000 -0.34341
vn 0.94386 -0.00000 0.33034
vn 0.94386 -0.00000 0.33034
vn 0.94386 -0.00000 0.33034
vn 0.94386 -0.00000 0.33034
vn -0.92071 0.00000 -0.39025
vn -0.92071 0.00000 -0.39025
vn -0.92071 0.00000 -0.39025
vn -0.92071 0.00000 -0.39025
vn 0.92649 -0.00000 0.37632
vn 0.92649 -0.00000 0.37632
vn 0.92649 -0.00000 0.37632
vn 0.92649 -0.00000 0.37632
vn -0.14140 0.00000 -0.98995
vn -0.14140 0.00000 -0.98995
vn -0.14140 0.00000 -0.98995
vn -0.14140 0.00000 -0.98995
vn -0.27310 0.00000 -0.96199
vn -0.27310 0.00000 -0.96199
vn -0.27310 0.00000 -0.96199
vn -0.27310 0.00000 -0.96199
vn 0.40182 -0.00000 0.91572
vn 0.40182 -0.00000 0.91572
vn 0.40182 -0.00000 0.91572
vn 0.40182 -0.00000 0.91572
vn 0.62946 -0.00000 0.77704
vn 0.62946 -0.00000 0.77704
vn 0.62946 -0.00000 0.77704
vn 0.62946 -0.00000 0.77704
vn 0.81637 -0.00000 0.57753
vn 0.81637 -0.00000 0.57753
vn 0.81637 -0.00000 0.57753
vn 0.81637 -0.00000 0.57753
vn -0.94579 0.00000 -0.32477
vn -0.94579 0.00000 -0.32477
vn -0.94579 0.00000 -0.32477
vn -0.94579 0.00000 -0.32477
vn 0.08895 0.00000 -0.99604
vn 0.08895 0.00000 -0.99604
vn 0.08895 0.00000 -0.99604
vn 0.08895 0.00000 -0.99604
vn -0.61548 -0.00000 0.78816
vn -0.61548 -0.00000 0.78816
vn -0.61548 -0.00000 0.78816
vn -0.61548 -0.00000 0.78816
vn -0.78970 -0.00000 0.61349
vn -0.78970 -0.00000 0.61349
vn -0.78970 -0.00000 0.61349
vn -0.78970 -0.00000 0.61349
vn 0.99958 0.00000 -0.02899
vn 0.99958 0.00000 -0.02899
vn 0.99958 0.00000 -0.02899
vn 0.99958 0.00000 -0.02899
vn 0.99822 -0.00000 0.05970
vn 0.99822 -0.00000 0.05970
vn 0.99822 -0.00000 0.05970
vn 0.99822 -0.00000 0.05970
vn -0.86104 0.00000 -0.50854
vn -0.86104 0.00000 -0.50854
vn -0.86104 0.00000 -0.50854
vn -0.86104 0.00000 -0.50854
vn 0.22396 -0.00000 0.97460
vn 0.22396 -0.00000 0.97460
vn 0.22396 -0.00000 0.97460
vn 0.22396 -0.00000 0.97460
vn -0.01697 -0.00000 0.99986
vn -0.01697 -0.00000 0.99986
vn -0.01697 -0.00000 0.99986
vn -0.01697 -0.00000 0.99986
vn -0.35252 -0.00000 0.93580
vn -0.35252 -0.00000 0.93580
vn -0.35252 -0.00000 0.93580
vn -0.35252 -0.00000 0.93580
vn 0.44785 0.00000 -0.89411
vn 0.44785 0.00000 -0.89411
vn 0.44785 0.00000 -0.89411
vn 0.44785 0.00000 -0.89411
vn 0.63127 0.00000 -0.77556
vn 0.63127 0.00000 -0.77556
vn 0.63127 0.00000 -0.77556
vn 0.63127 0.00000 -0.77556
vn 0.75278 0.00000 -0.65827
vn 0.75278 0.00000 -0.65827
vn 0.75278 0.00000 -0.65827
vn 0.75278 0.00000 -0.65827
vn 0.82017 0.00000 -0.57212
vn 0.82017 0.00000 -0.57212
vn 0.82017 0.00000 -0.57212
vn 0.82017 0.00000 -0.57212
vn -0.96437 -0.00000 0.26456
vn -0.96437 -0.00000 0.26456
vn -0.96437 -0.00000 0.26456
vn -0.96437 -0.00000 0.26456
vn 0.17971 -0.00000 0.98372
vn 0.17971 -0.00000 0.98372
vn 0.17971 -0.00000 0.98372
vn 0.17971 -0.00000 0.98372
vn 0.97884 0.00000 -0.20463
vn 0.97884 0.00000 -0.20463
vn 0.97884 0.00000 -0.20463
vn 0.97884 0.00000 -0.20463
vn -0.62772 0.00000 -0.77844
vn -0.62772 0.00000 -0.77844
vn -0.62772 0.00000 -0.77844
vn -0.62772 0.00000 -0.77844
vn -0.91853 -0.00000 0.39534
vn -0.91853 -0.00000 0.39534
vn -0.91853 -0.00000 0.39534
vn -0.91853 -0.00000 0.39534
vn 0.91746 0.00000 -0.39782
vn 0.91746 0.00000 -0.39782
vn 0.91746 0.00000 -0.39782
vn 0.91746 0.00000 -0.39782
vn -0.93277 -0.00000 0.36048
vn -0.93277 -0.00000 0.36048
vn -0.93277 -0.00000 0.36048
vn -0.93277 -0.00000 0.36048
vn 0.93442 0.00000 -0.35618
vn 0.93442 0.00000 -0.35618
vn 0.93442 0.00000 -0.35618
vn 0.93442 0.00000 -0.35618
vn 0.99994 -0.00000 0.01126
vn 0.99994 -0.00000 0.01126
vn 0.99994 -0.00000 0.01126
vn 0.99994 -0.00000 0.01126
vn -0.99983 0.00000 -0.01820
vn -0.99983 0.00000 -0.01820
vn -0.99983 0.00000 -0.01820
vn -0.99983 0.00000 -0.01820
vn -0.94501 -0.00000 0.32703
vn -0.94501 -0.00000 0.32703
vn -0.94501 -0.00000 0.32703
vn -0.94501 -0.00000 0.32703
vn 0.94880 0.00000 -0.31588
vn 0.94880 0.00000 -0.31588
vn 0.94880 0.00000 -0.31588
vn 0.94880 0.00000 -0.31588
vn -0.99987 -0.00000 0.01625
vn -0.99987 -0.00000 0.01625
vn -0.99987 -0.00000 0.01625
vn -0.99987 -0.00000 0.01625
vn 0.99996 0.00000 -0.00932
vn 0.99996 0.00000 -0.00932
vn 0.99996 0.00000 -0.00932
vn 0.99996 0.00000 -0.00932
vn 0.03003 -0.00000 0.99955
vn 0.03003 -0.00000 0.99955
vn 0.03003 -0.00000 0.99955
vn 0.03003 -0.00000 0.99955
vn -0.02214 0.00000 -0.99975
vn -0.02214 0.00000 -0.99975
vn -0.02214 0.00000 -0.99975
vn -0.02214 0.00000 -0.99975
vn -0.90210 -0.00000 0.43152
vn -0.90210 -0.00000 0.43152
vn -0.90210 -0.00000 0.43152
vn -0.90210 -0.00000 0.43152
vn 0.89772 0.00000 -0.44057
vn 0.89772 0.00000 -0.44057
vn 0.89772 0.00000 -0.44057
vn 0.89772 0.00000 -0.44057
vn -0.95549 -0.00000 0.29504
vn -0.95549 -0.00000 0.29504
vn -0.95549 -0.00000 0.29504
vn -0.95549 -0.00000 0.29504
vn 0.96083 0.00000 -0.27712
vn 0.96083 0.00000 -0.27712
vn 0.96083 0.00000 -0.27712
vn 0.96083 0.00000 -0.27712
vn 0.00902 -0.00000 0.99996
vn 0.00902 -0.00000 0.99996
vn 0.00902 -0.00000 0.99996
vn 0.00902 -0.00000 0.99996
vn -0.01927 0.00000 -0.99981
vn -0.01927 0.00000 -0.99981
vn -0.01927 0.00000 -0.99981
vn -0.01927 0.00000 -0.99981
vn 0.97077 0.00000 -0.24001
vn 0.97077 0.00000 -0.24001
vn 0.97077 0.00000 -0.24001
vn 0.97077 0.00000 -0.24001
vn -0.97186 -0.00000 0.23556
vn -0.97186 -0.00000 0.23556
vn -0.97186 -0.00000 0.23556
vn -0.97186 -0.00000 0.23556
vn -0.88328 -0.00000 0.46885
vn -0.88328 -0.00000 0.46885
vn -0.88328 -0.00000 0.46885
vn -0.88328 -0.00000 0.46885
vn 0.87500 0.00000 -0.48413
vn 0.87500 0.00000 -0.48413
vn 0.87500 0.00000 -0.48413
vn 0.87500 0.00000 -0.48413
vn 0.02861 -0.00000 0.99959
vn 0.02861 -0.00000 0.99959
vn 0.02861 -0.00000 0.99959
vn 0.02861 -0.00000 0.99959
vn -0.05871 0.00000 -0.99827
vn -0.05871 0.00000 -0.99827
vn -0.05871 0.00000 -0.99827
vn -0.05871 0.00000 -0.99827
vn -0.99546 0.00000 -0.09518
vn -0.99546 0.00000 -0.09518
vn -0.99546 0.00000 -0.09518
vn -0.99546 0.00000 -0.09518
vn 0.99628 -0.00000 0.08613
vn 0.99628 -0.00000 0.08613
vn 0.99628 -0.00000 0.08613
vn 0.99628 -0.00000 0.08613
vn 0.02869 0.00000 -0.99959
vn 0.02869 0.00000 -0.99959
vn 0.02869 0.00000 -0.99959
vn 0.02869 0.00000 -0.99959
vn -0.02397 -0.00000 0.99971
vn -0.02397 -0.00000 0.99971
vn -0.02397 -0.00000 0.99971
vn -0.02397 -0.00000 0.99971
vn -0.06779 0.00000 -0.99770
vn -0.06779 0.00000 -0.99770
vn -0.06779 0.00000 -0.99770
vn -0.06779 0.00000 -0.99770
vn 0.09231 -0.00000 0.99573
vn 0.09231 -0.00000 0.99573
vn 0.09231 -0.00000 0.99573
vn 0.09231 -0.00000 0.99573
vn 0.99939 -0.00000 0.03479
vn 0.99939 -0.00000 0.03479
vn 0.99939 -0.00000 0.03479
vn 0.99939 -0.00000 0.03479
vn -0.99844 0.00000 -0.05588
vn -0.99844 0.00000 -0.05588
vn -0.99844 0.00000 -0.05588
vn -0.99844 0.00000 -0.05588
vn -0.86184 -0.00000 0.50717
vn -0.86184 -0.00000 0.50717
vn -0.86184 -0.00000 0.50717
vn -0.86184 -0.00000 0.50717
vn 0.84917 0.00000 -0.52812
vn 0.84917 0.00000 -0.52812
vn 0.84917 0.00000 -0.52812
vn 0.84917 0.00000 -0.52812
vn 0.99874 0.00000 -0.05015
vn 0.99874 0.00000 -0.05015
vn 0.99874 0.00000 -0.05015
vn 0.99874 0.00000 -0.05015
vn -0.99875 -0.00000 0.04992
vn -0.99875 -0.00000 0.04992
vn -0.99875 -0.00000 0.04992
vn -0.99875 -0.00000 0.04992
vn -0.93386 0.00000 -0.35763
vn -0.93386 0.00000 -0.35763
vn -0.93386 0.00000 -0.35763
vn -0.93386 0.00000 -0.35763
vn 0.92814 -0.00000 0.37224
vn 0.92814 -0.00000 0.37224
vn 0.92814 -0.00000 0.37224
vn 0.92814 -0.00000 0.37224
vn -0.92019 0.00000 -0.39148
vn -0.92019 0.00000 -0.39148
vn -0.92019 0.00000 -0.39148
vn -0.92019 0.00000 -0.39148
vn 0.91152 -0.00000 0.41125
vn 0.91152 -0.00000 0.41125
vn 0.91152 -0.00000 0.41125
vn 0.91152 -0.00000 0.41125
vn 0.99734 0.00000 -0.07292
vn 0.99734 0.00000 -0.07292
vn 0.99734 0.00000 -0.07292
vn 0.99734 0.00000 -0.07292
vn -0.99637 -0.00000 0.08516
vn -0.99637 -0.00000 0.08516
vn -0.99637 -0.00000 0.08516
vn -0.99637 -0.00000 0.08516
vn -0.81056 -0.00000 0.58566
vn -0.81056 -0.00000 0.58566
vn -0.81056 -0.00000 0.58566
vn -0.81056 -0.00000 0.58566
vn 0.71471 0.00000 -0.69942
vn 0.71471 0.00000 -0.69942
vn 0.71471 0.00000 -0.69942
vn 0.71471 0.00000 -0.69942
vn -0.99069 0.00000 -0.13610
vn -0.99069 0.00000 -0.13610
vn -0.99069 0.00000 -0.13610
vn -0.99069 0.00000 -0.13610
vn 0.99346 -0.00000 0.11415
vn 0.99346 -0.00000 0.11415
vn 0.99346 -0.00000 0.11415
vn 0.99346 -0.00000 0.11415
vn -0.05239 -0.00000 0.99863
vn -0.05239 -0.00000 0.99863
vn -0.05239 -0.00000 0.99863
vn -0.05239 -0.00000 0.99863
vn 0.01457 0.00000 -0.99989
vn 0.01457 0.00000 -0.99989
vn 0.01457 0.00000 -0.99989
vn 0.01457 0.00000 -0.99989
vn -0.90461 0.00000 -0.42623
vn -0.90461 0.00000 -0.42623
vn -0.90461 0.00000 -0.42623
vn -0.90461 0.00000 -0.42623
vn 0.89223 -0.00000 0.45159
vn 0.89223 -0.00000 0.45159
vn 0.89223 -0.00000 0.45159
vn 0.89223 -0.00000 0.45159
vn 0.58514 -0.00000 0.81093
vn 0.58514 -0.00000 0.81093
vn 0.58514 -0.00000 0.81093
vn 0.58514 -0.00000 0.81093
vn -0.73290 0.00000 -0.68034
vn -0.73290 0.00000 -0.68034
vn -0.73290 0.00000 -0.68034
vn -0.73290 0.00000 -0.68034
vn -0.83765 -0.00000 0.54620
vn -0.83765 -0.00000 0.54620
vn -0.83765 -0.00000 0.54620
vn -0.83765 -0.00000 0.54620
vn 0.78800 0.00000 -0.61567
vn 0.78800 0.00000 -0.61567
vn 0.78800 0.00000 -0.61567
vn 0.78800 0.00000 -0.61567
vn 0.99524 0.00000 -0.09745
vn 0.99524 0.00000 -0.09745
vn 0.99524 0.00000 -0.09745
vn 0.99524 0.00000 -0.09745
vn -0.99253 -0.00000 0.12200
vn -0.99253 -0.00000 0.12200
vn -0.99253 -0.00000 0.12200
vn -0.99253 -0.00000 0.12200
vn -0.74742 -0.00000 0.66436
vn -0.74742 -0.00000 0.66436
vn -0.74742 -0.00000 0.66436
vn -0.74742 -0.00000 0.66436
vn 0.58675 0.00000 -0.80977
vn 0.58675 0.00000 -0.80977
vn 0.58675 0.00000 -0.80977
vn 0.58675 0.00000 -0.80977
vn 0.71234 -0.00000 0.70183
vn 0.71234 -0.00000 0.70183
vn 0.71234 -0.00000 0.70183
vn 0.71234 -0.00000 0.70183
vn -0.79394 0.00000 -0.60800
vn -0.79394 0.00000 -0.60800
vn -0.79394 0.00000 -0.60800
vn -0.79394 0.00000 -0.60800
vn -0.78049 -0.00000 0.62517
vn -0.78049 -0.00000 0.62517
vn -0.78049 -0.00000 0.62517
vn -0.78049 -0.00000 0.62517
vn 0.67408 0.00000 -0.73866
vn 0.67408 0.00000 -0.73866
vn 0.67408 0.00000 -0.73866
vn 0.67408 0.00000 -0.73866
vn 0.53963 -0.00000 0.84190
vn 0.53963 -0.00000 0.84190
vn 0.53963 -0.00000 0.84190
vn 0.53963 -0.00000 0.84190
vn -0.69879 0.00000 -0.71533
vn -0.69879 0.00000 -0.71533
vn -0.69879 0.00000 -0.71533
vn -0.69879 0.00000 -0.71533
vn 0.75002 -0.00000 0.66141
vn 0.75002 -0.00000 0.66141
vn 0.75002 -0.00000 0.66141
vn 0.75002 -0.00000 0.66141
vn -0.82078 0.00000 -0.57124
vn -0.82078 0.00000 -0.57124
vn -0.82078 0.00000 -0.57124
vn -0.82078 0.00000 -0.57124
vn -0.88701 0.00000 -0.46175
vn -0.88701 0.00000 -0.46175
vn -0.88701 0.00000 -0.46175
vn -0.88701 0.00000 -0.46175
vn 0.87004 -0.00000 0.49298
vn 0.87004 -0.00000 0.49298
vn 0.87004 -0.00000 0.49298
vn 0.87004 -0.00000 0.49298
vn 0.35730 -0.00000 0.93399
vn 0.35730 -0.00000 0.93399
vn 0.35730 -0.00000 0.93399
vn 0.35730 -0.00000 0.93399
vn -0.58364 0.00000 -0.81202
vn -0.58364 0.00000 -0.81202
vn -0.58364 0.00000 -0.81202
vn -0.58364 0.00000 -0.81202
vn 0.67203 -0.00000 0.74053
vn 0.67203 -0.00000 0.74053
vn 0.67203 -0.00000 0.74053
vn 0.67203 -0.00000 0.74053
vn -0.76464 0.00000 -0.64446
vn -0.76464 0.00000 -0.64446
vn -0.76464 0.00000 -0.64446
vn -0.76464 0.00000 -0.64446
vn 0.97636 0.00000 -0.21615
vn 0.97636 0.00000 -0.21615
vn 0.97636 0.00000 -0.21615
vn 0.97636 0.00000 -0.21615
vn -0.95842 -0.00000 0.28537
vn -0.95842 -0.00000 0.28537
vn -0.95842 -0.00000 0.28537
vn -0.95842 -0.00000 0.28537
vn 0.94369 0.00000 -0.33084
vn 0.94369 0.00000 -0.33084
vn 0.94369 0.00000 -0.33084
vn 0.94369 0.00000 -0.33084
vn -0.90632 -0.00000 0.42259
vn -0.90632 -0.00000 0.42259
vn -0.90632 -0.00000 0.42259
vn -0.90632 -0.00000 0.42259
vn -0.98392 0.00000 -0.17861
vn -0.98392 0.00000 -0.17861
vn -0.98392 0.00000 -0.17861
vn -0.98392 0.00000 -0.17861
vn 0.98959 -0.00000 0.14388
vn 0.98959 -0.00000 0.14388
vn 0.98959 -0.00000 0.14388
vn 0.98959 -0.00000 0.14388
vn 0.98310 0.00000 -0.18308
vn 0.98310 0.00000 -0.18308
vn 0.98310 0.00000 -0.18308
vn 0.98310 0.00000 -0.18308
vn -0.97023 -0.00000 0.24220
vn -0.97023 -0.00000 0.24220
vn -0.97023 -0.00000 0.24220
vn -0.97023 -0.00000 0.24220
vn 0.95704 0.00000 -0.28994
vn 0.95704 0.00000 -0.28994
vn 0.95704 0.00000 -0.28994
vn 0.95704 0.00000 -0.28994
vn -0.92672 -0.00000 0.37575
vn -0.92672 -0.00000 0.37575
vn -0.92672 -0.00000 0.37575
vn -0.92672 -0.00000 0.37575
vn 0.96779 0.00000 -0.25174
vn 0.96779 0.00000 -0.25174
vn 0.96779 0.00000 -0.25174
vn 0.96779 0.00000 -0.25174
vn -0.94400 -0.00000 0.32994
vn -0.94400 -0.00000 0.32994
vn -0.94400 -0.00000 0.32994
vn -0.94400 -0.00000 0.32994
vn 0.99230 0.00000 -0.12388
vn 0.99230 0.00000 -0.12388
vn 0.99230 0.00000 -0.12388
vn 0.99230 0.00000 -0.12388
vn -0.98704 -0.00000 0.16046
vn -0.98704 -0.00000 0.16046
vn -0.98704 -0.00000 0.16046
vn -0.98704 -0.00000 0.16046
vn 0.86622 -0.00000 0.49966
vn 0.86622 -0.00000 0.49966
vn 0.86622 -0.00000 0.49966
vn 0.86622 -0.00000 0.49966
vn -0.75878 0.00000 -0.65135
vn -0.75878 0.00000 -0.65135
vn -0.75878 0.00000 -0.65135
vn -0.75878 0.00000 -0.65135
vn 0.78476 -0.00000 0.61980
vn 0.78476 -0.00000 0.61980
vn 0.78476 -0.00000 0.61980
vn 0.78476 -0.00000 0.61980
vn -0.84520 0.00000 -0.53445
vn -0.84520 0.00000 -0.53445
vn -0.84520 0.00000 -0.53445
vn -0.84520 0.00000 -0.53445
vn 0.49352 -0.00000 0.86973
vn 0.49352 -0.00000 0.86973
vn 0.49352 -0.00000 0.86973
vn 0.49352 -0.00000 0.86973
vn -0.66242 0.00000 -0.74913
vn -0.66242 0.00000 -0.74913
vn -0.66242 0.00000 -0.74913
vn -0.66242 0.00000 -0.74913
vn -0.71142 -0.00000 0.70276
vn -0.71142 -0.00000 0.70276
vn -0.71142 -0.00000 0.70276
vn -0.71142 -0.00000 0.70276
vn 0.54100 0.00000 -0.84103
vn 0.54100 0.00000 -0.84103
vn 0.54100 0.00000 -0.84103
vn 0.54100 0.00000 -0.84103
vn 0.31426 -0.00000 0.94934
vn 0.31426 -0.00000 0.94934
vn 0.31426 -0.00000 0.94934
vn 0.31426 -0.00000 0.94934
vn -0.54168 0.00000 -0.84059
vn -0.54168 0.00000 -0.84059
vn -0.54168 0.00000 -0.84059
vn -0.54168 0.00000 -0.84059
vn 0.92725 0.00000 -0.37444
vn 0.92725 0.00000 -0.37444
vn 0.92725 0.00000 -0.37444
vn 0.92725 0.00000 -0.37444
vn -0.88259 -0.00000 0.47015
vn -0.88259 -0.00000 0.47015
vn -0.88259 -0.00000 0.47015
vn -0.88259 -0.00000 0.47015
vn -0.70931 -0.00000 0.70490
vn -0.70931 -0.00000 0.70490
vn -0.70931 -0.00000 0.70490
vn -0.70931 -0.00000 0.70490
vn 0.82007 0.00000 -0.57226
vn 0.82007 0.00000 -0.57226
vn 0.82007 0.00000 -0.57226
vn 0.82007 0.00000 -0.57226
vn -0.95612 0.00000 -0.29297
vn -0.95612 0.00000 -0.29297
vn -0.95612 0.00000 -0.29297
vn -0.95612 0.00000 -0.29297
vn 0.94231 -0.00000 0.33475
vn 0.94231 -0.00000 0.33475
vn 0.94231 -0.00000 0.33475
vn 0.94231 -0.00000 0.33475
vn 0.16285 -0.00000 0.98665
vn 0.16285 -0.00000 0.98665
vn 0.16285 -0.00000 0.98665
vn 0.16285 -0.00000 0.98665
vn -0.36373 0.00000 -0.93150
vn -0.36373 0.00000 -0.93150
vn -0.36373 0.00000 -0.93150
vn -0.36373 0.00000 -0.93150
vn 0.98832 0.00000 -0.15238
vn 0.98832 0.00000 -0.15238
vn 0.98832 0.00000 -0.15238
vn 0.98832 0.00000 -0.15238
vn -0.97969 -0.00000 0.20053
vn -0.97969 -0.00000 0.20053
vn -0.97969 -0.00000 0.20053
vn -0.97969 -0.00000 0.20053
vn 0.13101 -0.00000 0.99138
vn 0.13101 -0.00000 0.99138
vn 0.13101 -0.00000 0.99138
vn 0.13101 -0.00000 0.99138
vn -0.31830 0.00000 -0.94799
vn -0.31830 0.00000 -0.94799
vn -0.31830 0.00000 -0.94799
vn -0.31830 0.00000 -0.94799
vn 0.27306 -0.00000 0.96200
vn 0.27306 -0.00000 0.96200
vn 0.27306 -0.00000 0.96200
vn 0.27306 -0.00000 0.96200
vn -0.49840 0.00000 -0.86695
vn -0.49840 0.00000 -0.86695
vn -0.49840 0.00000 -0.86695
vn -0.49840 0.00000 -0.86695
vn 0.96969 -0.00000 0.24434
vn 0.96969 -0.00000 0.24434
vn 0.96969 -0.00000 0.24434
vn 0.96969 -0.00000 0.24434
vn -0.94920 0.00000 -0.31467
vn -0.94920 0.00000 -0.31467
vn -0.94920 0.00000 -0.31467
vn -0.94920 0.00000 -0.31467
vn -0.63133 -0.00000 0.77552
vn -0.63133 -0.00000 0.77552
vn -0.63133 -0.00000 0.77552
vn -0.63133 -0.00000 0.77552
vn 0.40143 0.00000 -0.91589
vn 0.40143 0.00000 -0.91589
vn 0.40143 0.00000 -0.91589
vn 0.40143 0.00000 -0.91589
vn 0.23398 -0.00000 0.97224
vn 0.23398 -0.00000 0.97224
vn 0.23398 -0.00000 0.97224
vn 0.23398 -0.00000 0.97224
vn -0.45410 0.00000 -0.89095
vn -0.45410 0.00000 -0.89095
vn -0.45410 0.00000 -0.89095
vn -0.45410 0.00000 -0.89095
vn 0.95946 -0.00000 0.28185
vn 0.95946 -0.00000 0.28185
vn 0.95946 -0.00000 0.28185
vn 0.95946 -0.00000 0.28185
vn -0.93205 0.00000 -0.36234
vn -0.93205 0.00000 -0.36234
vn -0.93205 0.00000 -0.36234
vn -0.93205 0.00000 -0.36234
vn 0.19721 -0.00000 0.98036
vn 0.19721 -0.00000 0.98036
vn 0.19721 -0.00000 0.98036
vn 0.19721 -0.00000 0.98036
vn -0.40909 0.00000 -0.91250
vn -0.40909 0.00000 -0.91250
vn -0.40909 0.00000 -0.91250
vn -0.40909 0.00000 -0.91250
vn -0.86724 0.00000 -0.49789
vn -0.86724 0.00000 -0.49789
vn -0.86724 0.00000 -0.49789
vn -0.86724 0.00000 -0.49789
vn 0.84479 -0.00000 0.53510
vn 0.84479 -0.00000 0.53510
vn 0.84479 -0.00000 0.53510
vn 0.84479 -0.00000 0.53510
vn 0.89180 -0.00000 0.45244
vn 0.89180 -0.00000 0.45244
vn 0.89180 -0.00000 0.45244
vn 0.89180 -0.00000 0.45244
vn -0.79632 0.00000 -0.60487
vn -0.79632 0.00000 -0.60487
vn -0.79632 0.00000 -0.60487
vn -0.79632 0.00000 -0.60487
vn 0.97794 -0.00000 0.20889
vn 0.97794 -0.00000 0.20889
vn 0.97794 -0.00000 0.20889
vn 0.97794 -0.00000 0.20889
vn -0.96341 0.00000 -0.26803
vn -0.96341 0.00000 -0.26803
vn -0.96341 0.00000 -0.26803
vn -0.96341 0.00000 -0.26803
vn 0.44740 -0.00000 0.89433
vn 0.44740 -0.00000 0.89433
vn 0.44740 -0.00000 0.89433
vn 0.44740 -0.00000 0.89433
vn -0.62397 0.00000 -0.78145
vn -0.62397 0.00000 -0.78145
vn -0.62397 0.00000 -0.78145
vn -0.62397 0.00000 -0.78145
vn 0.90722 0.00000 -0.42066
vn 0.90722 0.00000 -0.42066
vn 0.90722 0.00000 -0.42066
vn 0.90722 0.00000 -0.42066
vn -0.85532 -0.00000 0.51811
vn -0.85532 -0.00000 0.51811
vn -0.85532 -0.00000 0.51811
vn -0.85532 -0.00000 0.51811
vn 0.07489 -0.00000 0.99719
vn 0.07489 -0.00000 0.99719
vn 0.07489 -0.00000 0.99719
vn 0.07489 -0.00000 0.99719
vn -0.18446 0.00000 -0.98284
vn -0.18446 0.00000 -0.98284
vn -0.18446 0.00000 -0.98284
vn -0.18446 0.00000 -0.98284
vn 0.83637 -0.00000 0.54817
vn 0.83637 -0.00000 0.54817
vn 0.83637 -0.00000 0.54817
vn 0.83637 -0.00000 0.54817
vn -0.71798 0.00000 -0.69606
vn -0.71798 0.00000 -0.69606
vn -0.71798 0.00000 -0.69606
vn -0.71798 0.00000 -0.69606
vn 0.94693 -0.00000 0.32145
vn 0.94693 -0.00000 0.32145
vn 0.94693 -0.00000 0.32145
vn 0.94693 -0.00000 0.32145
vn -0.91175 0.00000 -0.41076
vn -0.91175 0.00000 -0.41076
vn -0.91175 0.00000 -0.41076
vn -0.91175 0.00000 -0.41076
vn -0.96499 0.00000 -0.26227
vn -0.96499 0.00000 -0.26227
vn -0.96499 0.00000 -0.26227
vn -0.96499 0.00000 -0.26227
vn 0.95428 -0.00000 0.29891
vn 0.95428 -0.00000 0.29891
vn 0.95428 -0.00000 0.29891
vn 0.95428 -0.00000 0.29891
vn 0.22752 0.00000 -0.97377
vn 0.22752 0.00000 -0.97377
vn 0.22752 0.00000 -0.97377
vn 0.22752 0.00000 -0.97377
vn 0.98449 -0.00000 0.17544
vn 0.98449 -0.00000 0.17544
vn 0.98449 -0.00000 0.17544
vn 0.98449 -0.00000 0.17544
vn -0.97490 0.00000 -0.22262
vn -0.97490 0.00000 -0.22262
vn -0.97490 0.00000 -0.22262
vn -0.97490 0.00000 -0.22262
vn -0.67264 -0.00000 0.73997
vn -0.67264 -0.00000 0.73997
vn -0.67264 -0.00000 0.73997
vn -0.67264 -0.00000 0.73997
vn 0.49452 0.00000 -0.86916
vn 0.49452 0.00000 -0.86916
vn 0.49452 0.00000 -0.86916
vn 0.49452 0.00000 -0.86916
vn 0.85416 0.00000 -0.52001
vn 0.85416 0.00000 -0.52001
vn 0.85416 0.00000 -0.52001
vn 0.85416 0.00000 -0.52001
vn -0.75130 -0.00000 0.65996
vn -0.75130 -0.00000 0.65996
vn -0.75130 -0.00000 0.65996
vn -0.75130 -0.00000 0.65996
vn 0.78035 0.00000 -0.62534
vn 0.78035 0.00000 -0.62534
vn 0.78035 0.00000 -0.62534
vn 0.78035 0.00000 -0.62534
vn -0.66392 -0.00000 0.74780
vn -0.66392 -0.00000 0.74780
vn -0.66392 -0.00000 0.74780
vn -0.66392 -0.00000 0.74780
vn -0.58780 -0.00000 0.80901
vn -0.58780 -0.00000 0.80901
vn -0.58780 -0.00000 0.80901
vn -0.58780 -0.00000 0.80901
vn 0.35571 0.00000 -0.93460
vn 0.35571 0.00000 -0.93460
vn 0.35571 0.00000 -0.93460
vn 0.35571 0.00000 -0.93460
vn -0.51116 -0.00000 0.85948
vn -0.51116 -0.00000 0.85948
vn -0.51116 -0.00000 0.85948
vn -0.51116 -0.00000 0.85948
vn 0.68332 0.00000 -0.73012
vn 0.68332 0.00000 -0.73012
vn 0.68332 0.00000 -0.73012
vn 0.68332 0.00000 -0.73012
vn 0.71794 -0.00000 0.69610
vn 0.71794 -0.00000 0.69610
vn 0.71794 -0.00000 0.69610
vn 0.71794 -0.00000 0.69610
vn -0.52850 0.00000 -0.84893
vn -0.52850 0.00000 -0.84893
vn -0.52850 0.00000 -0.84893
vn -0.52850 0.00000 -0.84893
vn 0.91349 -0.00000 0.40685
vn 0.91349 -0.00000 0.40685
vn 0.91349 -0.00000 0.40685
vn 0.91349 -0.00000 0.40685
vn -0.83044 0.00000 -0.55711
vn -0.83044 0.00000 -0.55711
vn -0.83044 0.00000 -0.55711
vn -0.83044 0.00000 -0.55711
vn 0.93173 -0.00000 0.36315
vn 0.93173 -0.00000 0.36315
vn 0.93173 -0.00000 0.36315
vn 0.93173 -0.00000 0.36315
vn -0.88812 0.00000 -0.45962
vn -0.88812 0.00000 -0.45962
vn -0.88812 0.00000 -0.45962
vn -0.88812 0.00000 -0.45962
vn 0.88304 0.00000 -0.46930
vn 0.88304 0.00000 -0.46930
vn 0.88304 0.00000 -0.46930
vn 0.88304 0.00000 -0.46930
vn -0.82438 -0.00000 0.56604
vn -0.82438 -0.00000 0.56604
vn -0.82438 -0.00000 0.56604
vn -0.82438 -0.00000 0.56604
vn -0.09947 0.00000 -0.99504
vn -0.09947 0.00000 -0.99504
vn -0.09947 0.00000 -0.99504
vn -0.09947 0.00000 -0.99504
vn 0.05055 -0.00000 0.99872
vn 0.05055 -0.00000 0.99872
vn 0.05055 -0.00000 0.99872
vn 0.05055 -0.00000 0.99872
vn 0.76244 -0.00000 0.64705
vn 0.76244 -0.00000 0.64705
vn 0.76244 -0.00000 0.64705
vn 0.76244 -0.00000 0.64705
vn -0.57901 0.00000 -0.81532
vn -0.57901 0.00000 -0.81532
vn -0.57901 0.00000 -0.81532
vn -0.57901 0.00000 -0.81532
vn 0.66839 -0.00000 0.74381
vn 0.66839 -0.00000 0.74381
vn 0.66839 -0.00000 0.74381
vn 0.66839 -0.00000 0.74381
vn -0.47668 0.00000 -0.87908
vn -0.47668 0.00000 -0.87908
vn -0.47668 0.00000 -0.87908
vn -0.47668 0.00000 -0.87908
vn 0.10169 -0.00000 0.99482
vn 0.10169 -0.00000 0.99482
vn 0.10169 -0.00000 0.99482
vn 0.10169 -0.00000 0.99482
vn -0.22840 0.00000 -0.97357
vn -0.22840 0.00000 -0.97357
vn -0.22840 0.00000 -0.97357
vn -0.22840 0.00000 -0.97357
vn -0.54246 -0.00000 0.84008
vn -0.54246 -0.00000 0.84008
vn -0.54246 -0.00000 0.84008
vn -0.54246 -0.00000 0.84008
vn 0.31105 0.00000 -0.95039
vn 0.31105 0.00000 -0.95039
vn 0.31105 0.00000 -0.95039
vn 0.31105 0.00000 -0.95039
vn 0.62630 0.00000 -0.77958
vn 0.62630 0.00000 -0.77958
vn 0.62630 0.00000 -0.77958
vn 0.62630 0.00000 -0.77958
vn -0.45635 -0.00000 0.88980
vn -0.45635 -0.00000 0.88980
vn -0.45635 -0.00000 0.88980
vn -0.45635 -0.00000 0.88980
vn -0.08989 -0.00000 0.99595
vn -0.08989 -0.00000 0.99595
vn -0.08989 -0.00000 0.99595
vn -0.08989 -0.00000 0.99595
vn 0.04506 0.00000 -0.99898
vn 0.04506 0.00000 -0.99898
vn 0.04506 0.00000 -0.99898
vn 0.04506 0.00000 -0.99898
vn 0.80186 -0.00000 0.59751
vn 0.80186 -0.00000 0.59751
vn 0.80186 -0.00000 0.59751
vn 0.80186 -0.00000 0.59751
vn -0.67418 0.00000 -0.73857
vn -0.67418 0.00000 -0.73857
vn -0.67418 0.00000 -0.73857
vn -0.67418 0.00000 -0.73857
vn -0.56439 -0.00000 0.82551
vn -0.56439 -0.00000 0.82551
vn -0.56439 -0.00000 0.82551
vn -0.56439 -0.00000 0.82551
vn 0.73477 0.00000 -0.67832
vn 0.73477 0.00000 -0.67832
vn 0.73477 0.00000 -0.67832
vn 0.73477 0.00000 -0.67832
vn -0.40031 -0.00000 0.91638
vn -0.40031 -0.00000 0.91638
vn -0.40031 -0.00000 0.91638
vn -0.40031 -0.00000 0.91638
vn 0.18603 0.00000 -0.98254
vn 0.18603 0.00000 -0.98254
vn 0.18603 0.00000 -0.98254
vn 0.18603 0.00000 -0.98254
vn -0.49577 -0.00000 0.86845
vn -0.49577 -0.00000 0.86845
vn -0.49577 -0.00000 0.86845
vn -0.49577 -0.00000 0.86845
vn 0.26774 0.00000 -0.96349
vn 0.26774 0.00000 -0.96349
vn 0.26774 0.00000 -0.96349
vn 0.26774 0.00000 -0.96349
vn -0.44822 -0.00000 0.89392
vn -0.44822 -0.00000 0.89392
vn -0.44822 -0.00000 0.89392
vn -0.44822 -0.00000 0.89392
vn 0.22601 0.00000 -0.97413
vn 0.22601 0.00000 -0.97413
vn 0.22601 0.00000 -0.97413
vn 0.22601 0.00000 -0.97413
vn -0.11513 0.00000 -0.99335
vn -0.11513 0.00000 -0.99335
vn -0.11513 0.00000 -0.99335
vn -0.11513 0.00000 -0.99335
vn 0.15716 -0.00000 0.98757
vn 0.15716 -0.00000 0.98757
vn 0.15716 -0.00000 0.98757
vn 0.15716 -0.00000 0.98757
vn 0.61399 -0.00000 0.78931
vn 0.61399 -0.00000 0.78931
vn 0.61399 -0.00000 0.78931
vn 0.61399 -0.00000 0.78931
vn -0.42404 0.00000 -0.90564
vn -0.42404 0.00000 -0.90564
vn -0.42404 0.00000 -0.90564
vn -0.42404 0.00000 -0.90564
vn 0.56433 0.00000 -0.82555
vn 0.56433 0.00000 -0.82555
vn 0.56433 0.00000 -0.82555
vn 0.56433 0.00000 -0.82555
vn -0.40050 -0.00000 0.91630
vn -0.40050 -0.00000 0.91630
vn -0.40050 -0.00000 0.91630
vn -0.40050 -0.00000 0.91630
vn -0.25911 -0.00000 0.96585
vn -0.25911 -0.00000 0.96585
vn -0.25911 -0.00000 0.96585
vn -0.25911 -0.00000 0.96585
vn 0.11170 0.00000 -0.99374
vn 0.11170 0.00000 -0.99374
vn 0.11170 0.00000 -0.99374
vn 0.11170 0.00000 -0.99374
vn 0.55520 -0.00000 0.83172
vn 0.55520 -0.00000 0.83172
vn 0.55520 -0.00000 0.83172
vn 0.55520 -0.00000 0.83172
vn -0.37106 0.00000 -0.92861
vn -0.37106 0.00000 -0.92861
vn -0.37106 0.00000 -0.92861
vn -0.37106 0.00000 -0.92861
vn 0.36000 -0.00000 0.93295
vn 0.36000 -0.00000 0.93295
vn 0.36000 -0.00000 0.93295
vn 0.36000 -0.00000 0.93295
vn -0.21436 0.00000 -0.97675
vn -0.21436 0.00000 -0.97675
vn -0.21436 0.00000 -0.97675
vn -0.21436 0.00000 -0.97675
vn 0.49268 -0.00000 0.87021
vn 0.49268 -0.00000 0.87021
vn 0.49268 -0.00000 0.87021
vn 0.49268 -0.00000 0.87021
vn -0.31819 0.00000 -0.94803
vn -0.31819 0.00000 -0.94803
vn -0.31819 0.00000 -0.94803
vn -0.31819 0.00000 -0.94803
vn 0.42728 -0.00000 0.90412
vn 0.42728 -0.00000 0.90412
vn 0.42728 -0.00000 0.90412
vn 0.42728 -0.00000 0.90412
vn -0.26584 0.00000 -0.96402
vn -0.26584 0.00000 -0.96402
vn -0.26584 0.00000 -0.96402
vn -0.26584 0.00000 -0.96402
vn 0.49836 0.00000 -0.86697
vn 0.49836 0.00000 -0.86697
vn 0.49836 0.00000 -0.86697
vn 0.49836 0.00000 -0.86697
vn -0.34423 -0.00000 0.93889
vn -0.34423 -0.00000 0.93889
vn -0.34423 -0.00000 0.93889
vn -0.34423 -0.00000 0.93889
vn -0.21421 -0.00000 0.97679
vn -0.21421 -0.00000 0.97679
vn -0.21421 -0.00000 0.97679
vn -0.21421 -0.00000 0.97679
vn 0.07742 0.00000 -0.99700
vn 0.07742 0.00000 -0.99700
vn 0.07742 0.00000 -0.99700
vn 0.07742 0.00000 -0.99700
vn -0.30532 -0.00000 0.95225
vn -0.30532 -0.00000 0.95225
vn -0.30532 -0.00000 0.95225
vn -0.30532 -0.00000 0.95225
vn 0.14790 0.00000 -0.98900
vn 0.14790 0.00000 -0.98900
vn 0.14790 0.00000 -0.98900
vn 0.14790 0.00000 -0.98900
vn 0.15285 0.00000 -0.98825
vn 0.15285 0.00000 -0.98825
vn 0.15285 0.00000 -0.98825
vn 0.15285 0.00000 -0.98825
vn -0.07347 -0.00000 0.99730
vn -0.07347 -0.00000 0.99730
vn -0.07347 -0.00000 0.99730
vn -0.07347 -0.00000 0.99730
vn 0.42958 0.00000 -0.90303
vn 0.42958 0.00000 -0.90303
vn 0.42958 0.00000 -0.90303
vn 0.42958 0.00000 -0.90303
vn -0.28805 -0.00000 0.95761
vn -0.28805 -0.00000 0.95761
vn -0.28805 -0.00000 0.95761
vn -0.28805 -0.00000 0.95761
vn 0.29188 -0.00000 0.95645
vn 0.29188 -0.00000 0.95645
vn 0.29188 -0.00000 0.95645
vn 0.29188 -0.00000 0.95645
vn -0.16405 0.00000 -0.98645
vn -0.16405 0.00000 -0.98645
vn -0.16405 0.00000 -0.98645
vn -0.16405 0.00000 -0.98645
vn 0.21981 0.00000 -0.97554
vn 0.21981 0.00000 -0.97554
vn 0.21981 0.00000 -0.97554
vn 0.21981 0.00000 -0.97554
vn -0.12488 -0.00000 0.99217
vn -0.12488 -0.00000 0.99217
vn -0.12488 -0.00000 0.99217
vn -0.12488 -0.00000 0.99217
vn 0.35934 0.00000 -0.93321
vn 0.35934 0.00000 -0.93321
vn 0.35934 0.00000 -0.93321
vn 0.35934 0.00000 -0.93321
vn -0.23250 -0.00000 0.97260
vn -0.23250 -0.00000 0.97260
vn -0.23250 -0.00000 0.97260
vn -0.23250 -0.00000 0.97260
vn 0.28900 0.00000 -0.95733
vn 0.28900 0.00000 -0.95733
vn 0.28900 0.00000 -0.95733
vn 0.28900 0.00000 -0.95733
vn -0.17799 -0.00000 0.98403
vn -0.17799 -0.00000 0.98403
vn -0.17799 -0.00000 0.98403
vn -0.17799 -0.00000 0.98403
vn -0.12943 -0.00000 0.99159
vn -0.12943 -0.00000 0.99159
vn -0.12943 -0.00000 0.99159
vn -0.12943 -0.00000 0.99159
vn -0.17092 -0.00000 0.98529
vn -0.17092 -0.00000 0.98529
vn -0.17092 -0.00000 0.98529
vn -0.17092 -0.00000 0.98529
vn -0.02499 -0.00000 0.99969
vn -0.02499 -0.00000 0.99969
vn -0.02499 -0.00000 0.99969
vn -0.02499 -0.00000 0.99969
vn 0.02391 0.00000 -0.99971
vn 0.02391 0.00000 -0.99971
vn 0.02391 0.00000 -0.99971
vn 0.02391 0.00000 -0.99971
vn 0.02500 -0.00000 0.99969
vn 0.02500 -0.00000 0.99969
vn 0.02500 -0.00000 0.99969
vn 0.02500 -0.00000 0.99969
vn -0.02404 0.00000 -0.99971
vn -0.02404 0.00000 -0.99971
vn -0.02404 0.00000 -0.99971
vn -0.02404 0.00000 -0.99971
f 1/1/1 2/2/2 3/3/3 4/4/4 
f 5/5/5 6/6/6 7/7/7 8/8/8 
f 4/9/9 3/10/10 9/11/11 10/12/12 
f 8/13/13 7/14/14 11/15/15 12/16/16 
f 13/17/17 14/18/18 15/19/19 16/20/20 
f 2/21/21 1/22/22 17/23/23 18/24/24 
f 6/25/25 5/26/26 19/27/27 20/28/28 
f 14/29/29 13/30/30 21/31/31 22/32/32 
f 10/33/33 9/34/34 23/35/35 24/36/36 
f 12/37/37 11/38/38 25/39/39 26/40/40 
f 27/41/41 28/42/42 29/43/43 30/44/44 
f 31/45/45 32/46/46 33/47/47 34/48/48 
f 24/49/49 23/50/50 35/51/51 36/52/52 
f 26/53/53 25/54/54 37/55/55 38/56/56 
f 39/57/57 40/58/58 41/59/59 42/60/60 
f 43/61/61 44/62/62 30/63/63 29/64/64 
f 45/65/65 46/66/66 28/67/67 27/68/68 
f 47/69/69 48/70/70 40/71/71 39/72/72 
f 49/73/73 50/74/74 51/75/75 52/76/76 
f 36/77/77 35/78/78 53/79/79 54/80/80 
f 38/81/81 37/82/82 55/83/83 56/84/84 
f 57/85/85 58/86/86 42/87/87 41/88/88 
f 59/89/89 60/90/90 44/91/91 43/92/92 
f 61/93/93 62/94/94 46/95/95 45/96/96 
f 63/97/97 64/98/98 48/99/99 47/100/100 
f 65/101/101 66/102/102 52/103/103 51/104/104 
f 54/105/105 53/106/106 67/107/107 68/108/108 
f 56/109/109 55/110/110 69/111/111 70/112/112 
f 71/113/113 72/114/114 58/115/115 57/116/116 
f 73/117/117 74/118/118 62/119/119 61/120/120 
f 68/121/121 67/122/122 74/123/123 73/124/124 
f 75/125/125 76/126/126 64/127/127 63/128/128 
f 77/129/129 78/130/130 60/131/131 59/132/132 
f 70/133/133 69/134/134 79/135/135 80/136/136 
f 80/137/137 79/138/138 72/139/139 71/140/140 
f 81/141/141 82/142/142 76/143/143 75/144/144 
f 83/145/145 84/146/146 78/147/147 77/148/148 
f 16/149/149 15/150/150 85/151/151 86/152/152 
f 87/153/153 88/154/154 32/155/155 31/156/156 
f 89/157/157 90/158/158 82/159/159 81/160/160 
f 91/161/161 92/162/162 34/163/163 33/164/164 
f 18/165/165 17/166/166 93/167/167 94/168/168 
f 20/169/169 19/170/170 95/171/171 96/172/172 
f 97/173/173 98/174/174 84/175/175 83/176/176 
f 99/177/177 100/178/178 101/179/179 102/180/180 
f 103/181/181 104/182/182 90/183/183 89/184/184 
f 22/185/185 21/186/186 105/187/187 106/188/188 
f 107/189/189 108/190/190 66/191/191 65/192/192 
f 109/193/193 110/194/194 50/195/195 49/196/196 
f 111/197/197 112/198/198 113/199/199 114/200/200 
f 115/201/201 116/202/202 104/203/203 103/204/204 
f 117/205/205 118/206/206 98/207/207 97/208/208 
f 119/209/209 120/210/210 116/211/211 115/212/212 
f 121/213/213 122/214/214 88/215/215 87/216/216 
f 123/217/217 124/218/218 118/219/219 117/220/220 
f 125/221/221 126/222/222 108/223/223 107/224/224 
f 127/225/225 128/226/226 92/227/227 91/228/228 
f 86/229/229 85/230/230 129/231/231 130/232/232 
f 131/233/233 132/234/234 124/235/235 123/236/236 
f 133/237/237 134/238/238 120/239/239 119/240/240 
f 135/241/241 136/242/242 110/243/243 109/244/244 
f 102/245/245 101/246/246 137/247/247 138/248/248 
f 106/249/249 105/250/250 139/251/251 140/252/252 
f 141/253/253 142/254/254 122/255/255 121/256/256 
f 143/257/257 144/258/258 126/259/259 125/260/260 
f 94/261/261 93/262/262 145/263/263 146/264/264 
f 96/265/265 95/266/266 147/267/267 148/268/268 
f 149/269/269 150/270/270 132/271/271 131/272/272 
f 114/273/273 113/274/274 151/275/275 152/276/276 
f 153/277/277 154/278/278 134/279/279 133/280/280 
f 130/281/281 129/282/282 155/283/283 156/284/284 
f 157/285/285 158/286/286 128/287/287 127/288/288 
f 159/289/289 160/290/290 144/291/291 143/292/292 
f 161/293/293 162/294/294 142/295/295 141/296/296 
f 156/297/297 155/298/298 163/299/299 164/300/300 
f 165/301/301 166/302/302 136/303/303 135/304/304 
f 167/305/305 168/306/306 160/307/307 159/308/308 
f 138/309/309 137/310/310 169/311/311 170/312/312 
f 171/313/313 172/314/314 150/315/315 149/316/316 
f 173/317/317 174/318/318 154/319/319 153/320/320 
f 140/321/321 139/322/322 175/323/323 176/324/324 
f 164/325/325 163/326/326 168/327/327 167/328/328 
f 177/329/329 178/330/330 162/331/331 161/332/332 
f 152/333/333 151/334/334 179/335/335 180/336/336 
f 146/337/337 145/338/338 181/339/339 182/340/340 
f 183/341/341 184/342/342 174/343/343 173/344/344 
f 148/345/345 147/346/346 185/347/347 186/348/348 
f 170/349/349 169/350/350 187/351/351 188/352/352 
f 189/353/353 190/354/354 158/355/355 157/356/356 
f 191/357/357 192/358/358 172/359/359 171/360/360 
f 176/361/361 175/362/362 193/363/363 194/364/364 
f 195/365/365 196/366/366 178/367/367 177/368/368 
f 197/369/369 198/370/370 184/371/371 183/372/372 
f 188/373/373 187/374/374 198/375/375 197/376/376 
f 194/377/377 193/378/378 196/379/379 195/380/380 
f 199/381/381 200/382/382 166/383/383 165/384/384 
f 201/385/385 202/386/386 192/387/387 191/388/388 
f 180/389/389 179/390/390 203/391/391 204/392/392 
f 205/393/393 206/394/394 202/395/395 201/396/396 
f 204/397/397 203/398/398 206/399/399 205/400/400 
f 207/401/401 208/402/402 190/403/403 189/404/404 
f 182/405/405 181/406/406 209/407/407 210/408/408 
f 186/409/409 185/410/410 211/411/411 212/412/412 
f 213/413/413 214/414/414 200/415/415 199/416/416 
f 215/417/417 216/418/418 208/419/419 207/420/420 
f 210/421/421 209/422/422 217/423/423 218/424/424 
f 219/425/425 220/426/426 214/427/427 213/428/428 
f 212/429/429 211/430/430 221/431/431 222/432/432 
f 223/433/433 224/434/434 216/435/435 215/436/436 
f 218/437/437 217/438/438 225/439/439 226/440/440 
f 227/441/441 228/442/442 220/443/443 219/444/444 
f 222/445/445 221/446/446 229/447/447 230/448/448 
f 231/449/449 232/450/450 224/451/451 223/452/452 
f 226/453/453 225/454/454 233/455/455 234/456/456 
f 234/457/457 233/458/458 232/459/459 231/460/460 
f 235/461/461 236/462/462 228/463/463 227/464/464 
f 230/465/465 229/466/466 237/467/467 238/468/468 
f 238/469/469 237/470/470 236/471/471 235/472/472 
f 239/473/473 240/474/474 241/475/475 
f 242/476/476 243/477/477 244/478/478 
f 245/479/479 246/480/480 247/481/481 
f 248/482/482 249/483/483 250/484/484 
f 251/485/485 252/486/486 253/487/487 
f 254/488/488 255/489/489 256/490/490 
f 257/491/491 258/492/492 259/493/493 
f 260/494/494 261/495/495 262/496/496 
f 263/497/497 264/498/498 265/499/499 
f 266/500/500 267/501/501 268/502/502 
f 269/503/503 270/504/504 271/505/505 
f 272/506/506 273/507/507 274/508/508 
f 275/509/509 276/510/510 277/511/511 
f 278/512/512 279/513/513 280/514/514 
f 281/515/515 282/516/516 283/517/517 
f 284/518/518 285/519/519 286/520/520 
f 287/521/521 288/522/522 289/523/523 
f 290/524/524 291/525/525 292/526/526 
f 293/527/527 294/528/528 295/529/529 
f 296/530/530 297/531/531 298/532/532 
f 299/533/533 300/534/534 301/535/535 
f 302/536/536 303/537/537 304/538/538 
f 305/539/539 306/540/540 307/541/541 308/542/542 
f 309/543/543 310/544/544 306/545/545 305/546/546 
f 311/547/547 312/548/548 313/549/549 314/550/550 
f 315/551/551 316/552/552 310/553/553 309/554/554 
f 266/555/555 268/556/556 314/557/557 313/558/558 
f 280/559/559 279/560/560 317/561/561 318/562/562 
f 308/563/563 307/564/564 319/565/565 320/566/566 
f 298/567/567 297/568/568 316/569/569 315/570/570 
f 321/571/571 322/572/572 323/573/573 324/574/574 
f 296/575/575 298/576/576 301/577/577 300/578/578 
f 320/579/579 319/580/580 325/581/581 326/582/582 
f 327/583/583 328/584/584 322/585/585 321/586/586 
f 269/587/587 271/588/588 329/589/589 330/590/590 
f 258/591/591 257/592/592 324/593/593 323/594/594 
f 331/595/595 332/596/596 318/597/597 317/598/598 
f 271/599/599 270/600/600 312/601/601 311/602/602 
f 326/603/603 325/604/604 294/605/605 293/606/606 
f 268/607/607 267/608/608 333/609/609 334/610/610 
f 335/611/611 336/612/612 255/613/613 254/614/614 
f 337/615/615 338/616/616 336/617/617 335/618/618 
f 334/619/619 333/620/620 339/621/621 340/622/622 
f 291/623/623 341/624/624 342/625/625 292/626/626 
f 330/627/627 329/628/628 343/629/629 344/630/630 
f 345/631/631 346/632/632 278/633/633 280/634/634 
f 347/635/635 348/636/636 338/637/637 337/638/638 
f 248/639/639 349/640/640 350/641/641 249/642/642 
f 294/643/643 291/644/644 290/645/645 295/646/646 
f 340/647/647 339/648/648 351/649/649 352/650/650 
f 289/651/651 353/652/652 354/653/653 287/654/654 
f 355/655/655 356/656/656 357/657/657 358/658/658 
f 341/659/659 289/660/660 288/661/661 342/662/662 
f 349/663/663 359/664/664 360/665/665 350/666/666 
f 361/667/667 355/668/668 358/669/669 362/670/670 
f 363/671/671 364/672/672 348/673/673 347/674/674 
f 245/675/675 365/676/676 366/677/677 246/678/678 
f 356/679/679 250/680/680 249/681/681 357/682/682 
f 367/683/683 368/684/684 369/685/685 370/686/686 
f 371/687/687 372/688/688 373/689/689 374/690/690 
f 344/691/691 343/692/692 375/693/693 376/694/694 
f 377/695/695 367/696/696 370/697/697 378/698/698 
f 379/699/699 371/700/700 374/701/701 380/702/702 
f 368/703/703 379/704/704 380/705/705 369/706/706 
f 352/707/707 351/708/708 381/709/709 382/710/710 
f 383/711/711 384/712/712 385/713/713 386/714/714 
f 253/715/715 361/716/716 362/717/717 251/718/718 
f 359/719/719 387/720/720 388/721/721 360/722/722 
f 353/723/723 389/724/724 390/725/725 354/726/726 
f 365/727/727 391/728/728 392/729/729 366/730/730 
f 372/731/731 393/732/732 394/733/733 373/734/734 
f 395/735/735 396/736/736 397/737/737 398/738/738 
f 254/739/739 256/740/740 399/741/741 400/742/742 
f 401/743/743 402/744/744 403/745/745 404/746/746 
f 381/747/747 377/748/748 378/749/749 382/750/750 
f 402/751/751 244/752/752 243/753/753 403/754/754 
f 391/755/755 405/756/756 406/757/757 392/758/758 
f 407/759/759 408/760/760 409/761/761 410/762/762 
f 286/763/763 411/764/764 412/765/765 284/766/766 
f 405/767/767 413/768/768 414/769/769 406/770/770 
f 415/771/771 407/772/772 410/773/773 416/774/774 
f 413/775/775 401/776/776 404/777/777 414/778/778 
f 252/779/779 251/780/780 364/781/781 363/782/782 
f 384/783/783 417/784/784 418/785/785 385/786/786 
f 408/787/787 419/788/788 420/789/789 409/790/790 
f 387/791/791 247/792/792 246/793/793 388/794/794 
f 393/795/795 421/796/796 422/797/797 394/798/798 
f 423/799/799 240/800/800 239/801/801 424/802/802 
f 425/803/803 383/804/804 386/805/805 426/806/806 
f 427/807/807 415/808/808 416/809/809 428/810/810 
f 400/811/811 399/812/812 429/813/813 430/814/814 
f 419/815/815 376/816/816 375/817/817 420/818/818 
f 389/819/819 286/820/820 285/821/821 390/822/822 
f 264/823/823 397/824/824 396/825/825 265/826/826 
f 398/827/827 261/828/828 260/829/829 395/830/830 
f 411/831/831 431/832/832 432/833/833 412/834/834 
f 433/835/835 434/836/836 435/837/837 436/838/838 
f 437/839/839 438/840/840 439/841/841 440/842/842 
f 417/843/843 273/844/844 272/845/845 418/846/846 
f 273/847/847 427/848/848 428/849/849 274/850/850 
f 421/851/851 264/852/852 263/853/853 422/854/854 
f 328/855/855 327/856/856 241/857/857 240/858/858 
f 438/859/859 302/860/860 304/861/861 439/862/862 
f 441/863/863 437/864/864 440/865/865 442/866/866 
f 244/867/867 423/868/868 424/869/869 242/870/870 
f 431/871/871 443/872/872 444/873/873 432/874/874 
f 436/875/875 445/876/876 446/877/877 433/878/878 
f 447/879/879 448/880/880 346/881/881 345/882/882 
f 302/883/883 425/884/884 426/885/885 303/886/886 
f 434/887/887 262/888/888 261/889/889 435/890/890 
f 449/891/891 282/892/892 281/893/893 450/894/894 
f 443/895/895 451/896/896 452/897/897 444/898/898 
f 451/899/899 449/900/900 450/901/901 452/902/902 
f 275/903/903 277/904/904 332/905/905 331/906/906 
f 453/907/907 441/908/908 442/909/909 454/910/910 
f 445/911/911 455/912/912 456/913/913 446/914/914 
f 457/915/915 458/916/916 459/917/917 460/918/918 
f 461/919/919 453/920/920 454/921/921 462/922/922 
f 463/923/923 464/924/924 465/925/925 466/926/926 
f 467/927/927 461/928/928 462/929/929 468/930/930 
f 464/931/931 467/932/932 468/933/933 465/934/934 
f 455/935/935 469/936/936 470/937/937 456/938/938 
f 458/939/939 471/940/940 447/941/941 459/942/942 
f 283/943/943 457/944/944 460/945/945 281/946/946 
f 472/947/947 259/948/948 258/949/949 473/950/950 
f 469/951/951 474/952/952 475/953/953 470/954/954 
f 276/955/955 463/956/956 466/957/957 277/958/958 
f 476/959/959 472/960/960 473/961/961 477/962/962 
f 474/963/963 478/964/964 479/965/965 475/966/966 
f 478/967/967 476/968/968 477/969/969 479/970/970 
f 480/971/971 448/972/972 447/973/973 471/974/974 
f 481/975/975 482/976/976 100/977/977 99/978/978 
f 112/979/979 111/980/980 482/981/981 481/982/982 
f 483/983/983 484/984/984 485/985/985 486/986/986 
f 487/987/987 488/988/988 489/989/989 490/990/990 
f 486/991/991 485/992/992 491/993/993 492/994/994 
f 490/995/995 489/996/996 493/997/997 494/998/998 
f 495/999/999 496/1000/1000 497/1001/1001 498/1002/1002 
f 484/1003/1003 483/1004/1004 499/1005/1005 500/1006/1006 
f 488/1007/1007 487/1008/1008 501/1009/1009 502/1010/1010 
f 496/1011/1011 495/1012/1012 503/1013/1013 504/1014/1014 
f 492/1015/1015 491/1016/1016 505/1017/1017 506/1018/1018 
f 494/1019/1019 493/1020/1020 507/1021/1021 508/1022/1022 
f 509/1023/1023 510/1024/1024 511/1025/1025 512/1026/1026 
f 513/1027/1027 514/1028/1028 515/1029/1029 516/1030/1030 
f 506/1031/1031 505/1032/1032 517/1033/1033 518/1034/1034 
f 508/1035/1035 507/1036/1036 519/1037/1037 520/1038/1038 
f 521/1039/1039 522/1040/1040 523/1041/1041 524/1042/1042 
f 525/1043/1043 526/1044/1044 512/1045/1045 511/1046/1046 
f 527/1047/1047 528/1048/1048 510/1049/1049 509/1050/1050 
f 529/1051/1051 530/1052/1052 522/1053/1053 521/1054/1054 
f 531/1055/1055 532/1056/1056 533/1057/1057 534/1058/1058 
f 518/1059/1059 517/1060/1060 535/1061/1061 536/1062/1062 
f 520/1063/1063 519/1064/1064 537/1065/1065 538/1066/1066 
f 539/1067/1067 540/1068/1068 524/1069/1069 523/1070/1070 
f 541/1071/1071 542/1072/1072 526/1073/1073 525/1074/1074 
f 543/1075/1075 544/1076/1076 528/1077/1077 527/1078/1078 
f 545/1079/1079 546/1080/1080 530/1081/1081 529/1082/1082 
f 547/1083/1083 548/1084/1084 534/1085/1085 533/1086/1086 
f 536/1087/1087 535/1088/1088 549/1089/1089 550/1090/1090 
f 538/1091/1091 537/1092/1092 551/1093/1093 552/1094/1094 
f 553/1095/1095 554/1096/1096 540/1097/1097 539/1098/1098 
f 555/1099/1099 556/1100/1100 544/1101/1101 543/1102/1102 
f 550/1103/1103 549/1104/1104 556/1105/1105 555/1106/1106 
f 557/1107/1107 558/1108/1108 546/1109/1109 545/1110/1110 
f 559/1111/1111 560/1112/1112 542/1113/1113 541/1114/1114 
f 552/1115/1115 551/1116/1116 561/1117/1117 562/1118/1118 
f 562/1119/1119 561/1120/1120 554/1121/1121 553/1122/1122 
f 563/1123/1123 564/1124/1124 558/1125/1125 557/1126/1126 
f 565/1127/1127 566/1128/1128 560/1129/1129 559/1130/1130 
f 498/1131/1131 497/1132/1132 567/1133/1133 568/1134/1134 
f 569/1135/1135 570/1136/1136 514/1137/1137 513/1138/1138 
f 571/1139/1139 572/1140/1140 564/1141/1141 563/1142/1142 
f 573/1143/1143 574/1144/1144 516/1145/1145 515/1146/1146 
f 500/1147/1147 499/1148/1148 575/1149/1149 576/1150/1150 
f 502/1151/1151 501/1152/1152 577/1153/1153 578/1154/1154 
f 579/1155/1155 580/1156/1156 566/1157/1157 565/1158/1158 
f 581/1159/1159 582/1160/1160 583/1161/1161 584/1162/1162 
f 585/1163/1163 586/1164/1164 572/1165/1165 571/1166/1166 
f 504/1167/1167 503/1168/1168 587/1169/1169 588/1170/1170 
f 589/1171/1171 590/1172/1172 548/1173/1173 547/1174/1174 
f 591/1175/1175 592/1176/1176 532/1177/1177 531/1178/1178 
f 593/1179/1179 594/1180/1180 595/1181/1181 596/1182/1182 
f 597/1183/1183 598/1184/1184 586/1185/1185 585/1186/1186 
f 599/1187/1187 600/1188/1188 580/1189/1189 579/1190/1190 
f 601/1191/1191 602/1192/1192 598/1193/1193 597/1194/1194 
f 603/1195/1195 604/1196/1196 570/1197/1197 569/1198/1198 
f 605/1199/1199 606/1200/1200 600/1201/1201 599/1202/1202 
f 607/1203/1203 608/1204/1204 590/1205/1205 589/1206/1206 
f 609/1207/1207 610/1208/1208 574/1209/1209 573/1210/1210 
f 568/1211/1211 567/1212/1212 611/1213/1213 612/1214/1214 
f 613/1215/1215 614/1216/1216 606/1217/1217 605/1218/1218 
f 615/1219/1219 616/1220/1220 602/1221/1221 601/1222/1222 
f 617/1223/1223 618/1224/1224 592/1225/1225 591/1226/1226 
f 584/1227/1227 583/1228/1228 619/1229/1229 620/1230/1230 
f 588/1231/1231 587/1232/1232 621/1233/1233 622/1234/1234 
f 623/1235/1235 624/1236/1236 604/1237/1237 603/1238/1238 
f 625/1239/1239 626/1240/1240 608/1241/1241 607/1242/1242 
f 576/1243/1243 575/1244/1244 627/1245/1245 628/1246/1246 
f 578/1247/1247 577/1248/1248 629/1249/1249 630/1250/1250 
f 631/1251/1251 632/1252/1252 614/1253/1253 613/1254/1254 
f 596/1255/1255 595/1256/1256 633/1257/1257 634/1258/1258 
f 635/1259/1259 636/1260/1260 616/1261/1261 615/1262/1262 
f 612/1263/1263 611/1264/1264 637/1265/1265 638/1266/1266 
f 639/1267/1267 640/1268/1268 610/1269/1269 609/1270/1270 
f 641/1271/1271 642/1272/1272 626/1273/1273 625/1274/1274 
f 643/1275/1275 644/1276/1276 624/1277/1277 623/1278/1278 
f 638/1279/1279 637/1280/1280 645/1281/1281 646/1282/1282 
f 647/1283/1283 648/1284/1284 618/1285/1285 617/1286/1286 
f 649/1287/1287 650/1288/1288 642/1289/1289 641/1290/1290 
f 620/1291/1291 619/1292/1292 651/1293/1293 652/1294/1294 
f 653/1295/1295 654/1296/1296 632/1297/1297 631/1298/1298 
f 655/1299/1299 656/1300/1300 636/1301/1301 635/1302/1302 
f 622/1303/1303 621/1304/1304 657/1305/1305 658/1306/1306 
f 646/1307/1307 645/1308/1308 650/1309/1309 649/1310/1310 
f 659/1311/1311 660/1312/1312 644/1313/1313 643/1314/1314 
f 634/1315/1315 633/1316/1316 661/1317/1317 662/1318/1318 
f 628/1319/1319 627/1320/1320 663/1321/1321 664/1322/1322 
f 665/1323/1323 666/1324/1324 656/1325/1325 655/1326/1326 
f 630/1327/1327 629/1328/1328 667/1329/1329 668/1330/1330 
f 652/1331/1331 651/1332/1332 669/1333/1333 670/1334/1334 
f 671/1335/1335 672/1336/1336 640/1337/1337 639/1338/1338 
f 673/1339/1339 674/1340/1340 654/1341/1341 653/1342/1342 
f 658/1343/1343 657/1344/1344 675/1345/1345 676/1346/1346 
f 677/1347/1347 678/1348/1348 660/1349/1349 659/1350/1350 
f 679/1351/1351 680/1352/1352 666/1353/1353 665/1354/1354 
f 670/1355/1355 669/1356/1356 680/1357/1357 679/1358/1358 
f 676/1359/1359 675/1360/1360 678/1361/1361 677/1362/1362 
f 681/1363/1363 682/1364/1364 648/1365/1365 647/1366/1366 
f 683/1367/1367 684/1368/1368 674/1369/1369 673/1370/1370 
f 662/1371/1371 661/1372/1372 685/1373/1373 686/1374/1374 
f 687/1375/1375 688/1376/1376 684/1377/1377 683/1378/1378 
f 686/1379/1379 685/1380/1380 688/1381/1381 687/1382/1382 
f 689/1383/1383 690/1384/1384 672/1385/1385 671/1386/1386 
f 664/1387/1387 663/1388/1388 691/1389/1389 692/1390/1390 
f 668/1391/1391 667/1392/1392 693/1393/1393 694/1394/1394 
f 695/1395/1395 696/1396/1396 682/1397/1397 681/1398/1398 
f 697/1399/1399 698/1400/1400 690/1401/1401 689/1402/1402 
f 692/1403/1403 691/1404/1404 699/1405/1405 700/1406/1406 
f 701/1407/1407 702/1408/1408 696/1409/1409 695/1410/1410 
f 694/1411/1411 693/1412/1412 703/1413/1413 704/1414/1414 
f 705/1415/1415 706/1416/1416 698/1417/1417 697/1418/1418 
f 700/1419/1419 699/1420/1420 707/1421/1421 708/1422/1422 
f 709/1423/1423 710/1424/1424 702/1425/1425 701/1426/1426 
f 704/1427/1427 703/1428/1428 711/1429/1429 712/1430/1430 
f 713/1431/1431 714/1432/1432 706/1433/1433 705/1434/1434 
f 708/1435/1435 707/1436/1436 715/1437/1437 716/1438/1438 
f 716/1439/1439 715/1440/1440 714/1441/1441 713/1442/1442 
f 717/1443/1443 718/1444/1444 710/1445/1445 709/1446/1446 
f 712/1447/1447 711/1448/1448 719/1449/1449 720/1450/1450 
f 720/1451/1451 719/1452/1452 718/1453/1453 717/1454/1454 
f 721/1455/1455 722/1456/1456 723/1457/1457 
f 724/1458/1458 725/1459/1459 726/1460/1460 
f 727/1461/1461 728/1462/1462 729/1463/1463 
f 730/1464/1464 731/1465/1465 732/1466/1466 
f 733/1467/1467 734/1468/1468 735/1469/1469 
f 736/1470/1470 737/1471/1471 738/1472/1472 
f 739/1473/1473 740/1474/1474 741/1475/1475 
f 742/1476/1476 743/1477/1477 744/1478/1478 
f 745/1479/1479 746/1480/1480 747/1481/1481 
f 748/1482/1482 749/1483/1483 750/1484/1484 
f 751/1485/1485 752/1486/1486 753/1487/1487 
f 754/1488/1488 755/1489/1489 756/1490/1490 
f 757/1491/1491 758/1492/1492 759/1493/1493 
f 760/1494/1494 761/1495/1495 762/1496/1496 
f 763/1497/1497 764/1498/1498 765/1499/1499 
f 766/1500/1500 767/1501/1501 768/1502/1502 
f 769/1503/1503 770/1504/1504 771/1505/1505 
f 772/1506/1506 773/1507/1507 774/1508/1508 
f 775/1509/1509 776/1510/1510 777/1511/1511 
f 778/1512/1512 779/1513/1513 780/1514/1514 
f 781/1515/1515 782/1516/1516 783/1517/1517 
f 784/1518/1518 785/1519/1519 786/1520/1520 
f 787/1521/1521 788/1522/1522 789/1523/1523 790/1524/1524 
f 791/1525/1525 792/1526/1526 788/1527/1527 787/1528/1528 
f 793/1529/1529 794/1530/1530 795/1531/1531 796/1532/1532 
f 797/1533/1533 798/1534/1534 792/1535/1535 791/1536/1536 
f 748/1537/1537 750/1538/1538 796/1539/1539 795/1540/1540 
f 761/1541/1541 760/1542/1542 799/1543/1543 800/1544/1544 
f 790/1545/1545 789/1546/1546 801/1547/1547 802/1548/1548 
f 779/1549/1549 778/1550/1550 798/1551/1551 797/1552/1552 
f 803/1553/1553 804/1554/1554 805/1555/1555 806/1556/1556 
f 778/1557/1557 780/1558/1558 782/1559/1559 781/1560/1560 
f 802/1561/1561 801/1562/1562 807/1563/1563 808/1564/1564 
f 809/1565/1565 810/1566/1566 804/1567/1567 803/1568/1568 
f 751/1569/1569 753/1570/1570 811/1571/1571 812/1572/1572 
f 741/1573/1573 740/1574/1574 806/1575/1575 805/1576/1576 
f 813/1577/1577 814/1578/1578 800/1579/1579 799/1580/1580 
f 752/1581/1581 751/1582/1582 794/1583/1583 793/1584/1584 
f 808/1585/1585 807/1586/1586 777/1587/1587 776/1588/1588 
f 749/1589/1589 748/1590/1590 815/1591/1591 816/1592/1592 
f 817/1593/1593 818/1594/1594 738/1595/1595 737/1596/1596 
f 819/1597/1597 820/1598/1598 818/1599/1599 817/1600/1600 
f 816/1601/1601 815/1602/1602 821/1603/1603 822/1604/1604 
f 823/1605/1605 773/1606/1606 772/1607/1607 824/1608/1608 
f 812/1609/1609 811/1610/1610 825/1611/1611 826/1612/1612 
f 827/1613/1613 828/1614/1614 760/1615/1615 762/1616/1616 
f 829/1617/1617 830/1618/1618 820/1619/1619 819/1620/1620 
f 831/1621/1621 732/1622/1622 731/1623/1623 832/1624/1624 
f 773/1625/1625 776/1626/1626 775/1627/1627 774/1628/1628 
f 822/1629/1629 821/1630/1630 833/1631/1631 834/1632/1632 
f 835/1633/1633 769/1634/1634 771/1635/1635 836/1636/1636 
f 837/1637/1637 838/1638/1638 839/1639/1639 840/1640/1640 
f 769/1641/1641 823/1642/1642 824/1643/1643 770/1644/1644 
f 841/1645/1645 831/1646/1646 832/1647/1647 842/1648/1648 
f 838/1649/1649 843/1650/1650 844/1651/1651 839/1652/1652 
f 845/1653/1653 846/1654/1654 830/1655/1655 829/1656/1656 
f 847/1657/1657 729/1658/1658 728/1659/1659 848/1660/1660 
f 730/1661/1661 837/1662/1662 840/1663/1663 731/1664/1664 
f 849/1665/1665 850/1666/1666 851/1667/1667 852/1668/1668 
f 853/1669/1669 854/1670/1670 855/1671/1671 856/1672/1672 
f 826/1673/1673 825/1674/1674 857/1675/1675 858/1676/1676 
f 850/1677/1677 859/1678/1678 860/1679/1679 851/1680/1680 
f 854/1681/1681 861/1682/1682 862/1683/1683 855/1684/1684 
f 861/1685/1685 849/1686/1686 852/1687/1687 862/1688/1688 
f 834/1689/1689 833/1690/1690 863/1691/1691 864/1692/1692 
f 865/1693/1693 866/1694/1694 867/1695/1695 868/1696/1696 
f 843/1697/1697 733/1698/1698 735/1699/1699 844/1700/1700 
f 869/1701/1701 841/1702/1702 842/1703/1703 870/1704/1704 
f 871/1705/1705 835/1706/1706 836/1707/1707 872/1708/1708 
f 873/1709/1709 847/1710/1710 848/1711/1711 874/1712/1712 
f 875/1713/1713 853/1714/1714 856/1715/1715 876/1716/1716 
f 877/1717/1717 878/1718/1718 879/1719/1719 880/1720/1720 
f 736/1721/1721 738/1722/1722 881/1723/1723 882/1724/1724 
f 883/1725/1725 884/1726/1726 885/1727/1727 886/1728/1728 
f 859/1729/1729 864/1730/1730 863/1731/1731 860/1732/1732 
f 724/1733/1733 883/1734/1734 886/1735/1735 725/1736/1736 
f 887/1737/1737 873/1738/1738 874/1739/1739 888/1740/1740 
f 889/1741/1741 890/1742/1742 891/1743/1743 892/1744/1744 
f 893/1745/1745 766/1746/1746 768/1747/1747 894/1748/1748 
f 895/1749/1749 887/1750/1750 888/1751/1751 896/1752/1752 
f 890/1753/1753 897/1754/1754 898/1755/1755 891/1756/1756 
f 884/1757/1757 895/1758/1758 896/1759/1759 885/1760/1760 
f 735/1761/1761 734/1762/1762 846/1763/1763 845/1764/1764 
f 899/1765/1765 865/1766/1766 868/1767/1767 900/1768/1768 
f 901/1769/1769 889/1770/1770 892/1771/1771 902/1772/1772 
f 727/1773/1773 869/1774/1774 870/1775/1775 728/1776/1776 
f 903/1777/1777 875/1778/1778 876/1779/1779 904/1780/1780 
f 722/1781/1781 905/1782/1782 906/1783/1783 723/1784/1784 
f 866/1785/1785 907/1786/1786 908/1787/1787 867/1788/1788 
f 897/1789/1789 909/1790/1790 910/1791/1791 898/1792/1792 
f 882/1793/1793 881/1794/1794 911/1795/1795 912/1796/1796 
f 857/1797/1797 901/1798/1798 902/1799/1799 858/1800/1800 
f 766/1801/1801 871/1802/1802 872/1803/1803 767/1804/1804 
f 880/1805/1805 746/1806/1806 745/1807/1807 877/1808/1808 
f 743/1809/1809 879/1810/1810 878/1811/1811 744/1812/1812 
f 913/1813/1813 893/1814/1814 894/1815/1815 914/1816/1816 
f 915/1817/1817 916/1818/1818 917/1819/1819 918/1820/1820 
f 919/1821/1821 920/1822/1822 921/1823/1823 922/1824/1824 
f 755/1825/1825 899/1826/1826 900/1827/1827 756/1828/1828 
f 909/1829/1829 755/1830/1830 754/1831/1831 910/1832/1832 
f 746/1833/1833 903/1834/1834 904/1835/1835 747/1836/1836 
f 810/1837/1837 809/1838/1838 722/1839/1839 721/1840/1840 
f 786/1841/1841 919/1842/1842 922/1843/1843 784/1844/1844 
f 920/1845/1845 923/1846/1846 924/1847/1847 921/1848/1848 
f 905/1849/1849 724/1850/1850 726/1851/1851 906/1852/1852 
f 925/1853/1853 913/1854/1854 914/1855/1855 926/1856/1856 
f 927/1857/1857 917/1858/1858 916/1859/1859 928/1860/1860 
f 929/1861/1861 930/1862/1862 828/1863/1863 827/1864/1864 
f 907/1865/1865 786/1866/1866 785/1867/1867 908/1868/1868 
f 742/1869/1869 915/1870/1870 918/1871/1871 743/1872/1872 
f 764/1873/1873 931/1874/1874 932/1875/1875 765/1876/1876 
f 933/1877/1877 925/1878/1878 926/1879/1879 934/1880/1880 
f 931/1881/1881 933/1882/1882 934/1883/1883 932/1884/1884 
f 757/1885/1885 759/1886/1886 814/1887/1887 813/1888/1888 
f 923/1889/1889 935/1890/1890 936/1891/1891 924/1892/1892 
f 937/1893/1893 927/1894/1894 928/1895/1895 938/1896/1896 
f 939/1897/1897 940/1898/1898 941/1899/1899 942/1900/1900 
f 935/1901/1901 943/1902/1902 944/1903/1903 936/1904/1904 
f 945/1905/1905 946/1906/1906 947/1907/1907 948/1908/1908 
f 943/1909/1909 949/1910/1910 950/1911/1911 944/1912/1912 
f 949/1913/1913 945/1914/1914 948/1915/1915 950/1916/1916 
f 951/1917/1917 937/1918/1918 938/1919/1919 952/1920/1920 
f 953/1921/1921 939/1922/1922 942/1923/1923 930/1924/1924 
f 940/1925/1925 763/1926/1926 765/1927/1927 941/1928/1928 
f 739/1929/1929 954/1930/1930 955/1931/1931 740/1932/1932 
f 956/1933/1933 951/1934/1934 952/1935/1935 957/1936/1936 
f 946/1937/1937 758/1938/1938 757/1939/1939 947/1940/1940 
f 954/1941/1941 958/1942/1942 959/1943/1943 955/1944/1944 
f 960/1945/1945 956/1946/1946 957/1947/1947 961/1948/1948 
f 958/1949/1949 960/1950/1950 961/1951/1951 959/1952/1952 
f 962/1953/1953 953/1954/1954 930/1955/1955 929/1956/1956 
f 963/1957/1957 964/1958/1958 582/1959/1959 581/1960/1960 
f 594/1961/1961 593/1962/1962 964/1963/1963 963/1964/1964 
f 2/1965/1965 483/1966/1966 486/1967/1967 3/1968/1968 
f 4/1969/1969 485/1970/1970 484/1971/1971 1/1972/1972 
f 6/1973/1973 487/1974/1974 490/1975/1975 7/1976/1976 
f 8/1977/1977 489/1978/1978 488/1979/1979 5/1980/1980 
f 3/1981/1981 486/1982/1982 492/1983/1983 9/1984/1984 
f 10/1985/1985 491/1986/1986 485/1987/1987 4/1988/1988 
f 7/1989/1989 490/1990/1990 494/1991/1991 11/1992/1992 
f 12/1993/1993 493/1994/1994 489/1995/1995 8/1996/1996 
f 14/1997/1997 495/1998/1998 498/1999/1999 15/2000/2000 
f 16/2001/2001 497/2002/2002 496/2003/2003 13/2004/2004 
f 1/2005/2005 484/2006/2006 500/2007/2007 17/2008/2008 
f 18/2009/2009 499/2010/2010 483/2011/2011 2/2012/2012 
f 5/2013/2013 488/2014/2014 502/2015/2015 19/2016/2016 
f 20/2017/2017 501/2018/2018 487/2019/2019 6/2020/2020 
f 13/2021/2021 496/2022/2022 504/2023/2023 21/2024/2024 
f 22/2025/2025 503/2026/2026 495/2027/2027 14/2028/2028 
f 9/2029/2029 492/2030/2030 506/2031/2031 23/2032/2032 
f 24/2033/2033 505/2034/2034 491/2035/2035 10/2036/2036 
f 11/2037/2037 494/2038/2038 508/2039/2039 25/2040/2040 
f 26/2041/2041 507/2042/2042 493/2043/2043 12/2044/2044 
f 28/2045/2045 509/2046/2046 512/2047/2047 29/2048/2048 
f 30/2049/2049 511/2050/2050 510/2051/2051 27/2052/2052 
f 32/2053/2053 513/2054/2054 516/2055/2055 33/2056/2056 
f 34/2057/2057 515/2058/2058 514/2059/2059 31/2060/2060 
f 23/2061/2061 506/2062/2062 518/2063/2063 35/2064/2064 
f 36/2065/2065 517/2066/2066 505/2067/2067 24/2068/2068 
f 25/2069/2069 508/2070/2070 520/2071/2071 37/2072/2072 
f 38/2073/2073 519/2074/2074 507/2075/2075 26/2076/2076 
f 40/2077/2077 521/2078/2078 524/2079/2079 41/2080/2080 
f 42/2081/2081 523/2082/2082 522/2083/2083 39/2084/2084 
f 44/2085/2085 525/2086/2086 511/2087/2087 30/2088/2088 
f 29/2089/2089 512/2090/2090 526/2091/2091 43/2092/2092 
f 46/2093/2093 527/2094/2094 509/2095/2095 28/2096/2096 
f 27/2097/2097 510/2098/2098 528/2099/2099 45/2100/2100 
f 48/2101/2101 529/2102/2102 521/2103/2103 40/2104/2104 
f 39/2105/2105 522/2106/2106 530/2107/2107 47/2108/2108 
f 50/2109/2109 531/2110/2110 534/2111/2111 51/2112/2112 
f 52/2113/2113 533/2114/2114 532/2115/2115 49/2116/2116 
f 35/2117/2117 518/2118/2118 536/2119/2119 53/2120/2120 
f 54/2121/2121 535/2122/2122 517/2123/2123 36/2124/2124 
f 37/2125/2125 520/2126/2126 538/2127/2127 55/2128/2128 
f 56/2129/2129 537/2130/2130 519/2131/2131 38/2132/2132 
f 58/2133/2133 539/2134/2134 523/2135/2135 42/2136/2136 
f 41/2137/2137 524/2138/2138 540/2139/2139 57/2140/2140 
f 60/2141/2141 541/2142/2142 525/2143/2143 44/2144/2144 
f 43/2145/2145 526/2146/2146 542/2147/2147 59/2148/2148 
f 62/2149/2149 543/2150/2150 527/2151/2151 46/2152/2152 
f 45/2153/2153 528/2154/2154 544/2155/2155 61/2156/2156 
f 64/2157/2157 545/2158/2158 529/2159/2159 48/2160/2160 
f 47/2161/2161 530/2162/2162 546/2163/2163 63/2164/2164 
f 66/2165/2165 547/2166/2166 533/2167/2167 52/2168/2168 
f 51/2169/2169 534/2170/2170 548/2171/2171 65/2172/2172 
f 53/2173/2173 536/2174/2174 550/2175/2175 67/2176/2176 
f 68/2177/2177 549/2178/2178 535/2179/2179 54/2180/2180 
f 55/2181/2181 538/2182/2182 552/2183/2183 69/2184/2184 
f 70/2185/2185 551/2186/2186 537/2187/2187 56/2188/2188 
f 72/2189/2189 553/2190/2190 539/2191/2191 58/2192/2192 
f 57/2193/2193 540/2194/2194 554/2195/2195 71/2196/2196 
f 74/2197/2197 555/2198/2198 543/2199/2199 62/2200/2200 
f 61/2201/2201 544/2202/2202 556/2203/2203 73/2204/2204 
f 67/2205/2205 550/2206/2206 555/2207/2207 74/2208/2208 
f 73/2209/2209 556/2210/2210 549/2211/2211 68/2212/2212 
f 76/2213/2213 557/2214/2214 545/2215/2215 64/2216/2216 
f 63/2217/2217 546/2218/2218 558/2219/2219 75/2220/2220 
f 78/2221/2221 559/2222/2222 541/2223/2223 60/2224/2224 
f 59/2225/2225 542/2226/2226 560/2227/2227 77/2228/2228 
f 69/2229/2229 552/2230/2230 562/2231/2231 79/2232/2232 
f 80/2233/2233 561/2234/2234 551/2235/2235 70/2236/2236 
f 79/2237/2237 562/2238/2238 553/2239/2239 72/2240/2240 
f 71/2241/2241 554/2242/2242 561/2243/2243 80/2244/2244 
f 82/2245/2245 563/2246/2246 557/2247/2247 76/2248/2248 
f 75/2249/2249 558/2250/2250 564/2251/2251 81/2252/2252 
f 84/2253/2253 565/2254/2254 559/2255/2255 78/2256/2256 
f 77/2257/2257 560/2258/2258 566/2259/2259 83/2260/2260 
f 15/2261/2261 498/2262/2262 568/2263/2263 85/2264/2264 
f 86/2265/2265 567/2266/2266 497/2267/2267 16/2268/2268 
f 88/2269/2269 569/2270/2270 513/2271/2271 32/2272/2272 
f 31/2273/2273 514/2274/2274 570/2275/2275 87/2276/2276 
f 90/2277/2277 571/2278/2278 563/2279/2279 82/2280/2280 
f 81/2281/2281 564/2282/2282 572/2283/2283 89/2284/2284 
f 92/2285/2285 573/2286/2286 515/2287/2287 34/2288/2288 
f 33/2289/2289 516/2290/2290 574/2291/2291 91/2292/2292 
f 17/2293/2293 500/2294/2294 576/2295/2295 93/2296/2296 
f 94/2297/2297 575/2298/2298 499/2299/2299 18/2300/2300 
f 19/2301/2301 502/2302/2302 578/2303/2303 95/2304/2304 
f 96/2305/2305 577/2306/2306 501/2307/2307 20/2308/2308 
f 98/2309/2309 579/2310/2310 565/2311/2311 84/2312/2312 
f 83/2313/2313 566/2314/2314 580/2315/2315 97/2316/2316 
f 100/2317/2317 581/2318/2318 584/2319/2319 101/2320/2320 
f 102/2321/2321 583/2322/2322 582/2323/2323 99/2324/2324 
f 104/2325/2325 585/2326/2326 571/2327/2327 90/2328/2328 
f 89/2329/2329 572/2330/2330 586/2331/2331 103/2332/2332 
f 21/2333/2333 504/2334/2334 588/2335/2335 105/2336/2336 
f 106/2337/2337 587/2338/2338 503/2339/2339 22/2340/2340 
f 108/2341/2341 589/2342/2342 547/2343/2343 66/2344/2344 
f 65/2345/2345 548/2346/2346 590/2347/2347 107/2348/2348 
f 110/2349/2349 591/2350/2350 531/2351/2351 50/2352/2352 
f 49/2353/2353 532/2354/2354 592/2355/2355 109/2356/2356 
f 112/2357/2357 593/2358/2358 596/2359/2359 113/2360/2360 
f 114/2361/2361 595/2362/2362 594/2363/2363 111/2364/2364 
f 116/2365/2365 597/2366/2366 585/2367/2367 104/2368/2368 
f 103/2369/2369 586/2370/2370 598/2371/2371 115/2372/2372 
f 118/2373/2373 599/2374/2374 579/2375/2375 98/2376/2376 
f 97/2377/2377 580/2378/2378 600/2379/2379 117/2380/2380 
f 120/2381/2381 601/2382/2382 597/2383/2383 116/2384/2384 
f 115/2385/2385 598/2386/2386 602/2387/2387 119/2388/2388 
f 122/2389/2389 603/2390/2390 569/2391/2391 88/2392/2392 
f 87/2393/2393 570/2394/2394 604/2395/2395 121/2396/2396 
f 124/2397/2397 605/2398/2398 599/2399/2399 118/2400/2400 
f 117/2401/2401 600/2402/2402 606/2403/2403 123/2404/2404 
f 126/2405/2405 607/2406/2406 589/2407/2407 108/2408/2408 
f 107/2409/2409 590/2410/2410 608/2411/2411 125/2412/2412 
f 128/2413/2413 609/2414/2414 573/2415/2415 92/2416/2416 
f 91/2417/2417 574/2418/2418 610/2419/2419 127/2420/2420 
f 85/2421/2421 568/2422/2422 612/2423/2423 129/2424/2424 
f 130/2425/2425 611/2426/2426 567/2427/2427 86/2428/2428 
f 132/2429/2429 613/2430/2430 605/2431/2431 124/2432/2432 
f 123/2433/2433 606/2434/2434 614/2435/2435 131/2436/2436 
f 134/2437/2437 615/2438/2438 601/2439/2439 120/2440/2440 
f 119/2441/2441 602/2442/2442 616/2443/2443 133/2444/2444 
f 136/2445/2445 617/2446/2446 591/2447/2447 110/2448/2448 
f 109/2449/2449 592/2450/2450 618/2451/2451 135/2452/2452 
f 101/2453/2453 584/2454/2454 620/2455/2455 137/2456/2456 
f 138/2457/2457 619/2458/2458 583/2459/2459 102/2460/2460 
f 105/2461/2461 588/2462/2462 622/2463/2463 139/2464/2464 
f 140/2465/2465 621/2466/2466 587/2467/2467 106/2468/2468 
f 142/2469/2469 623/2470/2470 603/2471/2471 122/2472/2472 
f 121/2473/2473 604/2474/2474 624/2475/2475 141/2476/2476 
f 144/2477/2477 625/2478/2478 607/2479/2479 126/2480/2480 
f 125/2481/2481 608/2482/2482 626/2483/2483 143/2484/2484 
f 93/2485/2485 576/2486/2486 628/2487/2487 145/2488/2488 
f 146/2489/2489 627/2490/2490 575/2491/2491 94/2492/2492 
f 95/2493/2493 578/2494/2494 630/2495/2495 147/2496/2496 
f 148/2497/2497 629/2498/2498 577/2499/2499 96/2500/2500 
f 150/2501/2501 631/2502/2502 613/2503/2503 132/2504/2504 
f 131/2505/2505 614/2506/2506 632/2507/2507 149/2508/2508 
f 113/2509/2509 596/2510/2510 634/2511/2511 151/2512/2512 
f 152/2513/2513 633/2514/2514 595/2515/2515 114/2516/2516 
f 154/2517/2517 635/2518/2518 615/2519/2519 134/2520/2520 
f 133/2521/2521 616/2522/2522 636/2523/2523 153/2524/2524 
f 129/2525/2525 612/2526/2526 638/2527/2527 155/2528/2528 
f 156/2529/2529 637/2530/2530 611/2531/2531 130/2532/2532 
f 158/2533/2533 639/2534/2534 609/2535/2535 128/2536/2536 
f 127/2537/2537 610/2538/2538 640/2539/2539 157/2540/2540 
f 160/2541/2541 641/2542/2542 625/2543/2543 144/2544/2544 
f 143/2545/2545 626/2546/2546 642/2547/2547 159/2548/2548 
f 162/2549/2549 643/2550/2550 623/2551/2551 142/2552/2552 
f 141/2553/2553 624/2554/2554 644/2555/2555 161/2556/2556 
f 155/2557/2557 638/2558/2558 646/2559/2559 163/2560/2560 
f 164/2561/2561 645/2562/2562 637/2563/2563 156/2564/2564 
f 166/2565/2565 647/2566/2566 617/2567/2567 136/2568/2568 
f 135/2569/2569 618/2570/2570 648/2571/2571 165/2572/2572 
f 168/2573/2573 649/2574/2574 641/2575/2575 160/2576/2576 
f 159/2577/2577 642/2578/2578 650/2579/2579 167/2580/2580 
f 137/2581/2581 620/2582/2582 652/2583/2583 169/2584/2584 
f 170/2585/2585 651/2586/2586 619/2587/2587 138/2588/2588 
f 172/2589/2589 653/2590/2590 631/2591/2591 150/2592/2592 
f 149/2593/2593 632/2594/2594 654/2595/2595 171/2596/2596 
f 174/2597/2597 655/2598/2598 635/2599/2599 154/2600/2600 
f 153/2601/2601 636/2602/2602 656/2603/2603 173/2604/2604 
f 139/2605/2605 622/2606/2606 658/2607/2607 175/2608/2608 
f 176/2609/2609 657/2610/2610 621/2611/2611 140/2612/2612 
f 163/2613/2613 646/2614/2614 649/2615/2615 168/2616/2616 
f 167/2617/2617 650/2618/2618 645/2619/2619 164/2620/2620 
f 178/2621/2621 659/2622/2622 643/2623/2623 162/2624/2624 
f 161/2625/2625 644/2626/2626 660/2627/2627 177/2628/2628 
f 151/2629/2629 634/2630/2630 662/2631/2631 179/2632/2632 
f 180/2633/2633 661/2634/2634 633/2635/2635 152/2636/2636 
f 145/2637/2637 628/2638/2638 664/2639/2639 181/2640/2640 
f 182/2641/2641 663/2642/2642 627/2643/2643 146/2644/2644 
f 184/2645/2645 665/2646/2646 655/2647/2647 174/2648/2648 
f 173/2649/2649 656/2650/2650 666/2651/2651 183/2652/2652 
f 147/2653/2653 630/2654/2654 668/2655/2655 185/2656/2656 
f 186/2657/2657 667/2658/2658 629/2659/2659 148/2660/2660 
f 169/2661/2661 652/2662/2662 670/2663/2663 187/2664/2664 
f 188/2665/2665 669/2666/2666 651/2667/2667 170/2668/2668 
f 190/2669/2669 671/2670/2670 639/2671/2671 158/2672/2672 
f 157/2673/2673 640/2674/2674 672/2675/2675 189/2676/2676 
f 192/2677/2677 673/2678/2678 653/2679/2679 172/2680/2680 
f 171/2681/2681 654/2682/2682 674/2683/2683 191/2684/2684 
f 175/2685/2685 658/2686/2686 676/2687/2687 193/2688/2688 
f 194/2689/2689 675/2690/2690 657/2691/2691 176/2692/2692 
f 196/2693/2693 677/2694/2694 659/2695/2695 178/2696/2696 
f 177/2697/2697 660/2698/2698 678/2699/2699 195/2700/2700 
f 198/2701/2701 679/2702/2702 665/2703/2703 184/2704/2704 
f 183/2705/2705 666/2706/2706 680/2707/2707 197/2708/2708 
f 187/2709/2709 670/2710/2710 679/2711/2711 198/2712/2712 
f 197/2713/2713 680/2714/2714 669/2715/2715 188/2716/2716 
f 193/2717/2717 676/2718/2718 677/2719/2719 196/2720/2720 
f 195/2721/2721 678/2722/2722 675/2723/2723 194/2724/2724 
f 200/2725/2725 681/2726/2726 647/2727/2727 166/2728/2728 
f 165/2729/2729 648/2730/2730 682/2731/2731 199/2732/2732 
f 202/2733/2733 683/2734/2734 673/2735/2735 192/2736/2736 
f 191/2737/2737 674/2738/2738 684/2739/2739 201/2740/2740 
f 179/2741/2741 662/2742/2742 686/2743/2743 203/2744/2744 
f 204/2745/2745 685/2746/2746 661/2747/2747 180/2748/2748 
f 206/2749/2749 687/2750/2750 683/2751/2751 202/2752/2752 
f 201/2753/2753 684/2754/2754 688/2755/2755 205/2756/2756 
f 203/2757/2757 686/2758/2758 687/2759/2759 206/2760/2760 
f 205/2761/2761 688/2762/2762 685/2763/2763 204/2764/2764 
f 208/2765/2765 689/2766/2766 671/2767/2767 190/2768/2768 
f 189/2769/2769 672/2770/2770 690/2771/2771 207/2772/2772 
f 181/2773/2773 664/2774/2774 692/2775/2775 209/2776/2776 
f 210/2777/2777 691/2778/2778 663/2779/2779 182/2780/2780 
f 185/2781/2781 668/2782/2782 694/2783/2783 211/2784/2784 
f 212/2785/2785 693/2786/2786 667/2787/2787 186/2788/2788 
f 214/2789/2789 695/2790/2790 681/2791/2791 200/2792/2792 
f 199/2793/2793 682/2794/2794 696/2795/2795 213/2796/2796 
f 216/2797/2797 697/2798/2798 689/2799/2799 208/2800/2800 
f 207/2801/2801 690/2802/2802 698/2803/2803 215/2804/2804 
f 209/2805/2805 692/2806/2806 700/2807/2807 217/2808/2808 
f 218/2809/2809 699/2810/2810 691/2811/2811 210/2812/2812 
f 220/2813/2813 701/2814/2814 695/2815/2815 214/2816/2816 
f 213/2817/2817 696/2818/2818 702/2819/2819 219/2820/2820 
f 211/2821/2821 694/2822/2822 704/2823/2823 221/2824/2824 
f 222/2825/2825 703/2826/2826 693/2827/2827 212/2828/2828 
f 224/2829/2829 705/2830/2830 697/2831/2831 216/2832/2832 
f 215/2833/2833 698/2834/2834 706/2835/2835 223/2836/2836 
f 217/2837/2837 700/2838/2838 708/2839/2839 225/2840/2840 
f 226/2841/2841 707/2842/2842 699/2843/2843 218/2844/2844 
f 228/2845/2845 709/2846/2846 701/2847/2847 220/2848/2848 
f 219/2849/2849 702/2850/2850 710/2851/2851 227/2852/2852 
f 221/2853/2853 704/2854/2854 712/2855/2855 229/2856/2856 
f 230/2857/2857 711/2858/2858 703/2859/2859 222/2860/2860 
f 232/2861/2861 713/2862/2862 705/2863/2863 224/2864/2864 
f 223/2865/2865 706/2866/2866 714/2867/2867 231/2868/2868 
f 225/2869/2869 708/2870/2870 716/2871/2871 233/2872/2872 
f 234/2873/2873 715/2874/2874 707/2875/2875 226/2876/2876 
f 233/2877/2877 716/2878/2878 713/2879/2879 232/2880/2880 
f 231/2881/2881 714/2882/2882 715/2883/2883 234/2884/2884 
f 236/2885/2885 717/2886/2886 709/2887/2887 228/2888/2888 
f 227/2889/2889 710/2890/2890 718/2891/2891 235/2892/2892 
f 229/2893/2893 712/2894/2894 720/2895/2895 237/2896/2896 
f 238/2897/2897 719/2898/2898 711/2899/2899 230/2900/2900 
f 237/2901/2901 720/2902/2902 717/2903/2903 236/2904/2904 
f 235/2905/2905 718/2906/2906 719/2907/2907 238/2908/2908 
f 241/2909/2909 721/2910/2910 723/2911/2911 239/2912/2912 
f 242/2913/2913 726/2914/2914 725/2915/2915 243/2916/2916 
f 247/2917/2917 727/2918/2918 729/2919/2919 245/2920/2920 
f 250/2921/2921 730/2922/2922 732/2923/2923 248/2924/2924 
f 252/2925/2925 734/2926/2926 733/2927/2927 253/2928/2928 
f 255/2929/2929 737/2930/2930 736/2931/2931 256/2932/2932 
f 259/2933/2933 739/2934/2934 741/2935/2935 257/2936/2936 
f 262/2937/2937 742/2938/2938 744/2939/2939 260/2940/2940 
f 265/2941/2941 745/2942/2942 747/2943/2943 263/2944/2944 
f 266/2945/2945 750/2946/2946 749/2947/2947 267/2948/2948 
f 269/2949/2949 753/2950/2950 752/2951/2951 270/2952/2952 
f 274/2953/2953 754/2954/2954 756/2955/2955 272/2956/2956 
f 275/2957/2957 759/2958/2958 758/2959/2959 276/2960/2960 
f 278/2961/2961 762/2962/2962 761/2963/2963 279/2964/2964 
f 282/2965/2965 764/2966/2966 763/2967/2967 283/2968/2968 
f 284/2969/2969 768/2970/2970 767/2971/2971 285/2972/2972 
f 287/2973/2973 771/2974/2974 770/2975/2975 288/2976/2976 
f 292/2977/2977 772/2978/2978 774/2979/2979 290/2980/2980 
f 295/2981/2981 775/2982/2982 777/2983/2983 293/2984/2984 
f 296/2985/2985 780/2986/2986 779/2987/2987 297/2988/2988 
f 299/2989/2989 783/2990/2990 782/2991/2991 300/2992/2992 
f 301/2993/2993 781/2994/2994 783/2995/2995 299/2996/2996 
f 303/2997/2997 785/2998/2998 784/2999/2999 304/3000/3000 
f 306/3001/3001 787/3002/3002 790/3003/3003 307/3004/3004 
f 308/3005/3005 789/3006/3006 788/3007/3007 305/3008/3008 
f 310/3009/3009 791/3010/3010 787/3011/3011 306/3012/3012 
f 305/3013/3013 788/3014/3014 792/3015/3015 309/3016/3016 
f 312/3017/3017 793/3018/3018 796/3019/3019 313/3020/3020 
f 314/3021/3021 795/3022/3022 794/3023/3023 311/3024/3024 
f 316/3025/3025 797/3026/3026 791/3027/3027 310/3028/3028 
f 309/3029/3029 792/3030/3030 798/3031/3031 315/3032/3032 
f 268/3033/3033 748/3034/3034 795/3035/3035 314/3036/3036 
f 313/3037/3037 796/3038/3038 750/3039/3039 266/3040/3040 
f 279/3041/3041 761/3042/3042 800/3043/3043 317/3044/3044 
f 318/3045/3045 799/3046/3046 760/3047/3047 280/3048/3048 
f 307/3049/3049 790/3050/3050 802/3051/3051 319/3052/3052 
f 320/3053/3053 801/3054/3054 789/3055/3055 308/3056/3056 
f 297/3057/3057 779/3058/3058 797/3059/3059 316/3060/3060 
f 315/3061/3061 798/3062/3062 778/3063/3063 298/3064/3064 
f 322/3065/3065 803/3066/3066 806/3067/3067 323/3068/3068 
f 324/3069/3069 805/3070/3070 804/3071/3071 321/3072/3072 
f 298/3073/3073 778/3074/3074 781/3075/3075 301/3076/3076 
f 300/3077/3077 782/3078/3078 780/3079/3079 296/3080/3080 
f 319/3081/3081 802/3082/3082 808/3083/3083 325/3084/3084 
f 326/3085/3085 807/3086/3086 801/3087/3087 320/3088/3088 
f 328/3089/3089 809/3090/3090 803/3091/3091 322/3092/3092 
f 321/3093/3093 804/3094/3094 810/3095/3095 327/3096/3096 
f 271/3097/3097 751/3098/3098 812/3099/3099 329/3100/3100 
f 330/3101/3101 811/3102/3102 753/3103/3103 269/3104/3104 
f 257/3105/3105 741/3106/3106 805/3107/3107 324/3108/3108 
f 323/3109/3109 806/3110/3110 740/3111/3111 258/3112/3112 
f 332/3113/3113 813/3114/3114 799/3115/3115 318/3116/3116 
f 317/3117/3117 800/3118/3118 814/3119/3119 331/3120/3120 
f 270/3121/3121 752/3122/3122 793/3123/3123 312/3124/3124 
f 311/3125/3125 794/3126/3126 751/3127/3127 271/3128/3128 
f 325/3129/3129 808/3130/3130 776/3131/3131 294/3132/3132 
f 293/3133/3133 777/3134/3134 807/3135/3135 326/3136/3136 
f 267/3137/3137 749/3138/3138 816/3139/3139 333/3140/3140 
f 334/3141/3141 815/3142/3142 748/3143/3143 268/3144/3144 
f 336/3145/3145 817/3146/3146 737/3147/3147 255/3148/3148 
f 254/3149/3149 738/3150/3150 818/3151/3151 335/3152/3152 
f 338/3153/3153 819/3154/3154 817/3155/3155 336/3156/3156 
f 335/3157/3157 818/3158/3158 820/3159/3159 337/3160/3160 
f 333/3161/3161 816/3162/3162 822/3163/3163 339/3164/3164 
f 340/3165/3165 821/3166/3166 815/3167/3167 334/3168/3168 
f 291/3169/3169 773/3170/3170 823/3171/3171 341/3172/3172 
f 342/3173/3173 824/3174/3174 772/3175/3175 292/3176/3176 
f 329/3177/3177 812/3178/3178 826/3179/3179 343/3180/3180 
f 344/3181/3181 825/3182/3182 811/3183/3183 330/3184/3184 
f 346/3185/3185 827/3186/3186 762/3187/3187 278/3188/3188 
f 280/3189/3189 760/3190/3190 828/3191/3191 345/3192/3192 
f 348/3193/3193 829/3194/3194 819/3195/3195 338/3196/3196 
f 337/3197/3197 820/3198/3198 830/3199/3199 347/3200/3200 
f 248/3201/3201 732/3202/3202 831/3203/3203 349/3204/3204 
f 350/3205/3205 832/3206/3206 731/3207/3207 249/3208/3208 
f 294/3209/3209 776/3210/3210 773/3211/3211 291/3212/3212 
f 290/3213/3213 774/3214/3214 775/3215/3215 295/3216/3216 
f 339/3217/3217 822/3218/3218 834/3219/3219 351/3220/3220 
f 352/3221/3221 833/3222/3222 821/3223/3223 340/3224/3224 
f 289/3225/3225 769/3226/3226 835/3227/3227 353/3228/3228 
f 354/3229/3229 836/3230/3230 771/3231/3231 287/3232/3232 
f 355/3233/3233 838/3234/3234 837/3235/3235 356/3236/3236 
f 357/3237/3237 840/3238/3238 839/3239/3239 358/3240/3240 
f 341/3241/3241 823/3242/3242 769/3243/3243 289/3244/3244 
f 288/3245/3245 770/3246/3246 824/3247/3247 342/3248/3248 
f 349/3249/3249 831/3250/3250 841/3251/3251 359/3252/3252 
f 360/3253/3253 842/3254/3254 832/3255/3255 350/3256/3256 
f 361/3257/3257 843/3258/3258 838/3259/3259 355/3260/3260 
f 358/3261/3261 839/3262/3262 844/3263/3263 362/3264/3264 
f 364/3265/3265 845/3266/3266 829/3267/3267 348/3268/3268 
f 347/3269/3269 830/3270/3270 846/3271/3271 363/3272/3272 
f 245/3273/3273 729/3274/3274 847/3275/3275 365/3276/3276 
f 366/3277/3277 848/3278/3278 728/3279/3279 246/3280/3280 
f 356/3281/3281 837/3282/3282 730/3283/3283 250/3284/3284 
f 249/3285/3285 731/3286/3286 840/3287/3287 357/3288/3288 
f 367/3289/3289 850/3290/3290 849/3291/3291 368/3292/3292 
f 369/3293/3293 852/3294/3294 851/3295/3295 370/3296/3296 
f 371/3297/3297 854/3298/3298 853/3299/3299 372/3300/3300 
f 373/3301/3301 856/3302/3302 855/3303/3303 374/3304/3304 
f 343/3305/3305 826/3306/3306 858/3307/3307 375/3308/3308 
f 376/3309/3309 857/3310/3310 825/3311/3311 344/3312/3312 
f 377/3313/3313 859/3314/3314 850/3315/3315 367/3316/3316 
f 370/3317/3317 851/3318/3318 860/3319/3319 378/3320/3320 
f 379/3321/3321 861/3322/3322 854/3323/3323 371/3324/3324 
f 374/3325/3325 855/3326/3326 862/3327/3327 380/3328/3328 
f 368/3329/3329 849/3330/3330 861/3331/3331 379/3332/3332 
f 380/3333/3333 862/3334/3334 852/3335/3335 369/3336/3336 
f 351/3337/3337 834/3338/3338 864/3339/3339 381/3340/3340 
f 382/3341/3341 863/3342/3342 833/3343/3343 352/3344/3344 
f 383/3345/3345 866/3346/3346 865/3347/3347 384/3348/3348 
f 385/3349/3349 868/3350/3350 867/3351/3351 386/3352/3352 
f 253/3353/3353 733/3354/3354 843/3355/3355 361/3356/3356 
f 362/3357/3357 844/3358/3358 735/3359/3359 251/3360/3360 
f 359/3361/3361 841/3362/3362 869/3363/3363 387/3364/3364 
f 388/3365/3365 870/3366/3366 842/3367/3367 360/3368/3368 
f 353/3369/3369 835/3370/3370 871/3371/3371 389/3372/3372 
f 390/3373/3373 872/3374/3374 836/3375/3375 354/3376/3376 
f 365/3377/3377 847/3378/3378 873/3379/3379 391/3380/3380 
f 392/3381/3381 874/3382/3382 848/3383/3383 366/3384/3384 
f 372/3385/3385 853/3386/3386 875/3387/3387 393/3388/3388 
f 394/3389/3389 876/3390/3390 856/3391/3391 373/3392/3392 
f 395/3393/3393 878/3394/3394 877/3395/3395 396/3396/3396 
f 397/3397/3397 880/3398/3398 879/3399/3399 398/3400/3400 
f 256/3401/3401 736/3402/3402 882/3403/3403 399/3404/3404 
f 400/3405/3405 881/3406/3406 738/3407/3407 254/3408/3408 
f 401/3409/3409 884/3410/3410 883/3411/3411 402/3412/3412 
f 403/3413/3413 886/3414/3414 885/3415/3415 404/3416/3416 
f 381/3417/3417 864/3418/3418 859/3419/3419 377/3420/3420 
f 378/3421/3421 860/3422/3422 863/3423/3423 382/3424/3424 
f 402/3425/3425 883/3426/3426 724/3427/3427 244/3428/3428 
f 243/3429/3429 725/3430/3430 886/3431/3431 403/3432/3432 
f 391/3433/3433 873/3434/3434 887/3435/3435 405/3436/3436 
f 406/3437/3437 888/3438/3438 874/3439/3439 392/3440/3440 
f 407/3441/3441 890/3442/3442 889/3443/3443 408/3444/3444 
f 409/3445/3445 892/3446/3446 891/3447/3447 410/3448/3448 
f 286/3449/3449 766/3450/3450 893/3451/3451 411/3452/3452 
f 412/3453/3453 894/3454/3454 768/3455/3455 284/3456/3456 
f 405/3457/3457 887/3458/3458 895/3459/3459 413/3460/3460 
f 414/3461/3461 896/3462/3462 888/3463/3463 406/3464/3464 
f 415/3465/3465 897/3466/3466 890/3467/3467 407/3468/3468 
f 410/3469/3469 891/3470/3470 898/3471/3471 416/3472/3472 
f 413/3473/3473 895/3474/3474 884/3475/3475 401/3476/3476 
f 404/3477/3477 885/3478/3478 896/3479/3479 414/3480/3480 
f 251/3481/3481 735/3482/3482 845/3483/3483 364/3484/3484 
f 363/3485/3485 846/3486/3486 734/3487/3487 252/3488/3488 
f 384/3489/3489 865/3490/3490 899/3491/3491 417/3492/3492 
f 418/3493/3493 900/3494/3494 868/3495/3495 385/3496/3496 
f 408/3497/3497 889/3498/3498 901/3499/3499 419/3500/3500 
f 420/3501/3501 902/3502/3502 892/3503/3503 409/3504/3504 
f 387/3505/3505 869/3506/3506 727/3507/3507 247/3508/3508 
f 246/3509/3509 728/3510/3510 870/3511/3511 388/3512/3512 
f 393/3513/3513 875/3514/3514 903/3515/3515 421/3516/3516 
f 422/3517/3517 904/3518/3518 876/3519/3519 394/3520/3520 
f 423/3521/3521 905/3522/3522 722/3523/3523 240/3524/3524 
f 239/3525/3525 723/3526/3526 906/3527/3527 424/3528/3528 
f 425/3529/3529 907/3530/3530 866/3531/3531 383/3532/3532 
f 386/3533/3533 867/3534/3534 908/3535/3535 426/3536/3536 
f 427/3537/3537 909/3538/3538 897/3539/3539 415/3540/3540 
f 416/3541/3541 898/3542/3542 910/3543/3543 428/3544/3544 
f 399/3545/3545 882/3546/3546 912/3547/3547 429/3548/3548 
f 430/3549/3549 911/3550/3550 881/3551/3551 400/3552/3552 
f 429/3553/3553 912/3554/3554 911/3555/3555 430/3556/3556 
f 419/3557/3557 901/3558/3558 857/3559/3559 376/3560/3560 
f 375/3561/3561 858/3562/3562 902/3563/3563 420/3564/3564 
f 389/3565/3565 871/3566/3566 766/3567/3567 286/3568/3568 
f 285/3569/3569 767/3570/3570 872/3571/3571 390/3572/3572 
f 264/3573/3573 746/3574/3574 880/3575/3575 397/3576/3576 
f 396/3577/3577 877/3578/3578 745/3579/3579 265/3580/3580 
f 398/3581/3581 879/3582/3582 743/3583/3583 261/3584/3584 
f 260/3585/3585 744/3586/3586 878/3587/3587 395/3588/3588 
f 411/3589/3589 893/3590/3590 913/3591/3591 431/3592/3592 
f 432/3593/3593 914/3594/3594 894/3595/3595 412/3596/3596 
f 433/3597/3597 916/3598/3598 915/3599/3599 434/3600/3600 
f 435/3601/3601 918/3602/3602 917/3603/3603 436/3604/3604 
f 437/3605/3605 920/3606/3606 919/3607/3607 438/3608/3608 
f 439/3609/3609 922/3610/3610 921/3611/3611 440/3612/3612 
f 417/3613/3613 899/3614/3614 755/3615/3615 273/3616/3616 
f 272/3617/3617 756/3618/3618 900/3619/3619 418/3620/3620 
f 273/3621/3621 755/3622/3622 909/3623/3623 427/3624/3624 
f 428/3625/3625 910/3626/3626 754/3627/3627 274/3628/3628 
f 421/3629/3629 903/3630/3630 746/3631/3631 264/3632/3632 
f 263/3633/3633 747/3634/3634 904/3635/3635 422/3636/3636 
f 327/3637/3637 810/3638/3638 721/3639/3639 241/3640/3640 
f 240/3641/3641 722/3642/3642 809/3643/3643 328/3644/3644 
f 438/3645/3645 919/3646/3646 786/3647/3647 302/3648/3648 
f 304/3649/3649 784/3650/3650 922/3651/3651 439/3652/3652 
f 441/3653/3653 923/3654/3654 920/3655/3655 437/3656/3656 
f 440/3657/3657 921/3658/3658 924/3659/3659 442/3660/3660 
f 244/3661/3661 724/3662/3662 905/3663/3663 423/3664/3664 
f 424/3665/3665 906/3666/3666 726/3667/3667 242/3668/3668 
f 431/3669/3669 913/3670/3670 925/3671/3671 443/3672/3672 
f 444/3673/3673 926/3674/3674 914/3675/3675 432/3676/3676 
f 436/3677/3677 917/3678/3678 927/3679/3679 445/3680/3680 
f 446/3681/3681 928/3682/3682 916/3683/3683 433/3684/3684 
f 448/3685/3685 929/3686/3686 827/3687/3687 346/3688/3688 
f 345/3689/3689 828/3690/3690 930/3691/3691 447/3692/3692 
f 302/3693/3693 786/3694/3694 907/3695/3695 425/3696/3696 
f 426/3697/3697 908/3698/3698 785/3699/3699 303/3700/3700 
f 434/3701/3701 915/3702/3702 742/3703/3703 262/3704/3704 
f 261/3705/3705 743/3706/3706 918/3707/3707 435/3708/3708 
f 449/3709/3709 931/3710/3710 764/3711/3711 282/3712/3712 
f 281/3713/3713 765/3714/3714 932/3715/3715 450/3716/3716 
f 443/3717/3717 925/3718/3718 933/3719/3719 451/3720/3720 
f 452/3721/3721 934/3722/3722 926/3723/3723 444/3724/3724 
f 451/3725/3725 933/3726/3726 931/3727/3727 449/3728/3728 
f 450/3729/3729 932/3730/3730 934/3731/3731 452/3732/3732 
f 277/3733/3733 757/3734/3734 813/3735/3735 332/3736/3736 
f 331/3737/3737 814/3738/3738 759/3739/3739 275/3740/3740 
f 453/3741/3741 935/3742/3742 923/3743/3743 441/3744/3744 
f 442/3745/3745 924/3746/3746 936/3747/3747 454/3748/3748 
f 445/3749/3749 927/3750/3750 937/3751/3751 455/3752/3752 
f 456/3753/3753 938/3754/3754 928/3755/3755 446/3756/3756 
f 457/3757/3757 940/3758/3758 939/3759/3759 458/3760/3760 
f 459/3761/3761 942/3762/3762 941/3763/3763 460/3764/3764 
f 461/3765/3765 943/3766/3766 935/3767/3767 453/3768/3768 
f 454/3769/3769 936/3770/3770 944/3771/3771 462/3772/3772 
f 463/3773/3773 946/3774/3774 945/3775/3775 464/3776/3776 
f 465/3777/3777 948/3778/3778 947/3779/3779 466/3780/3780 
f 467/3781/3781 949/3782/3782 943/3783/3783 461/3784/3784 
f 462/3785/3785 944/3786/3786 950/3787/3787 468/3788/3788 
f 464/3789/3789 945/3790/3790 949/3791/3791 467/3792/3792 
f 468/3793/3793 950/3794/3794 948/3795/3795 465/3796/3796 
f 455/3797/3797 937/3798/3798 951/3799/3799 469/3800/3800 
f 470/3801/3801 952/3802/3802 938/3803/3803 456/3804/3804 
f 458/3805/3805 939/3806/3806 953/3807/3807 471/3808/3808 
f 447/3809/3809 930/3810/3810 942/3811/3811 459/3812/3812 
f 283/3813/3813 763/3814/3814 940/3815/3815 457/3816/3816 
f 460/3817/3817 941/3818/3818 765/3819/3819 281/3820/3820 
f 472/3821/3821 954/3822/3822 739/3823/3823 259/3824/3824 
f 258/3825/3825 740/3826/3826 955/3827/3827 473/3828/3828 
f 469/3829/3829 951/3830/3830 956/3831/3831 474/3832/3832 
f 475/3833/3833 957/3834/3834 952/3835/3835 470/3836/3836 
f 276/3837/3837 758/3838/3838 946/3839/3839 463/3840/3840 
f 466/3841/3841 947/3842/3842 757/3843/3843 277/3844/3844 
f 476/3845/3845 958/3846/3846 954/3847/3847 472/3848/3848 
f 473/3849/3849 955/3850/3850 959/3851/3851 477/3852/3852 
f 474/3853/3853 956/3854/3854 960/3855/3855 478/3856/3856 
f 479/3857/3857 961/3858/3858 957/3859/3859 475/3860/3860 
f 478/3861/3861 960/3862/3862 958/3863/3863 476/3864/3864 
f 477/3865/3865 959/3866/3866 961/3867/3867 479/3868/3868 
f 480/3869/3869 962/3870/3870 929/3871/3871 448/3872/3872 
f 471/3873/3873 953/3874/3874 962/3875/3875 480/3876/3876 
f 482/3877/3877 963/3878/3878 581/3879/3879 100/3880/3880 
f 99/3881/3881 582/3882/3882 964/3883/3883 481/3884/3884 
f 111/3885/3885 594/3886/3886 963/3887/3887 482/3888/3888 
f 481/3889/3889 964/3890/3890 593/3891/3891 112/3892/3892 
